time_fs,time_ps,clustering_coefficient
0.0,0.0,0.0
0.5,0.0005,0.0
1.0,0.001,0.0
1.5,0.0015,0.0
2.0,0.002,0.0
2.5,0.0025,0.0
3.0,0.003,0.0
3.5,0.0035,0.0
4.0,0.004,0.0
4.5,0.0045,0.0
5.0,0.005,0.0
5.5,0.0055,0.0
6.0,0.006,0.0
6.5,0.0065,0.0
7.0,0.007,0.0
7.5,0.0075,0.0
8.0,0.008,0.0
8.5,0.0085,0.0
9.0,0.009,0.0
9.5,0.0095,0.0
10.0,0.01,0.0
10.5,0.0105,0.0
11.0,0.011,0.0
11.5,0.0115,0.0
12.0,0.012,0.0
12.5,0.0125,0.0
13.0,0.013,0.0
13.5,0.0135,0.0
14.0,0.014,0.0
14.5,0.0145,0.0
15.0,0.015,0.0
15.5,0.0155,0.0
16.0,0.016,0.0
16.5,0.0165,0.0
17.0,0.017,0.0
17.5,0.0175,0.0
18.0,0.018,0.0
18.5,0.0185,0.0
19.0,0.019,0.0
19.5,0.0195,0.0
20.0,0.02,0.0
20.5,0.0205,0.0
21.0,0.021,0.0
21.5,0.0215,0.0
22.0,0.022,0.0
22.5,0.0225,0.0
23.0,0.023,0.0
23.5,0.0235,0.0
24.0,0.024,0.0
24.5,0.0245,0.0
25.0,0.025,0.0
25.5,0.0255,0.0
26.0,0.026,0.10344827586206896
26.5,0.0265,0.10344827586206896
27.0,0.027,0.10344827586206896
27.5,0.0275,0.125
28.0,0.028,0.125
28.5,0.0285,0.125
29.0,0.029,0.125
29.5,0.0295,0.12
30.0,0.03,0.12
30.5,0.0305,0.12
31.0,0.031,0.10344827586206896
31.5,0.0315,0.10344827586206896
32.0,0.032,0.10344827586206896
32.5,0.0325,0.10344827586206896
33.0,0.033,0.10344827586206896
33.5,0.0335,0.12
34.0,0.034,0.12
34.5,0.0345,0.12
35.0,0.035,0.12
35.5,0.0355,0.12
36.0,0.036,0.10344827586206896
36.5,0.0365,0.10344827586206896
37.0,0.037,0.09090909090909091
37.5,0.0375,0.09090909090909091
38.0,0.038,0.09090909090909091
38.5,0.0385,0.09090909090909091
39.0,0.039,0.09090909090909091
39.5,0.0395,0.09090909090909091
40.0,0.04,0.09090909090909091
40.5,0.0405,0.10344827586206896
41.0,0.041,0.10344827586206896
41.5,0.0415,0.10344827586206896
42.0,0.042,0.10344827586206896
42.5,0.0425,0.0
43.0,0.043,0.0
43.5,0.0435,0.0
44.0,0.044,0.0
44.5,0.0445,0.0
45.0,0.045,0.0
45.5,0.0455,0.0
46.0,0.046,0.0
46.5,0.0465,0.0
47.0,0.047,0.0
47.5,0.0475,0.0
48.0,0.048,0.0
48.5,0.0485,0.0
49.0,0.049,0.0
49.5,0.0495,0.0
50.0,0.05,0.0
50.5,0.0505,0.0
51.0,0.051,0.0
51.5,0.0515,0.0
52.0,0.052,0.0
52.5,0.0525,0.0
53.0,0.053,0.0
53.5,0.0535,0.0
54.0,0.054,0.0
54.5,0.0545,0.0
55.0,0.055,0.0
55.5,0.0555,0.0
56.0,0.056,0.0
56.5,0.0565,0.0
57.0,0.057,0.0
57.5,0.0575,0.0
58.0,0.058,0.0
58.5,0.0585,0.0
59.0,0.059,0.0
59.5,0.0595,0.0
60.0,0.06,0.0
60.5,0.0605,0.0
61.0,0.061,0.0
61.5,0.0615,0.0
62.0,0.062,0.0
62.5,0.0625,0.0
63.0,0.063,0.0
63.5,0.0635,0.0
64.0,0.064,0.0
64.5,0.0645,0.0
65.0,0.065,0.0
65.5,0.0655,0.0
66.0,0.066,0.0
66.5,0.0665,0.0
67.0,0.067,0.0
67.5,0.0675,0.0
68.0,0.068,0.0
68.5,0.0685,0.0
69.0,0.069,0.0
69.5,0.0695,0.0
70.0,0.07,0.0
70.5,0.0705,0.0
71.0,0.071,0.0
71.5,0.0715,0.0
72.0,0.072,0.0
72.5,0.0725,0.0
73.0,0.073,0.0
73.5,0.0735,0.0
74.0,0.074,0.0
74.5,0.0745,0.0
75.0,0.075,0.0
75.5,0.0755,0.0
76.0,0.076,0.0
76.5,0.0765,0.0
77.0,0.077,0.0
77.5,0.0775,0.0
78.0,0.078,0.0
78.5,0.0785,0.0
79.0,0.079,0.0
79.5,0.0795,0.0
80.0,0.08,0.0
80.5,0.0805,0.0
81.0,0.081,0.0
81.5,0.0815,0.0
82.0,0.082,0.0
82.5,0.0825,0.0
83.0,0.083,0.0
83.5,0.0835,0.0
84.0,0.084,0.0
84.5,0.0845,0.0
85.0,0.085,0.0
85.5,0.0855,0.0
86.0,0.086,0.0
86.5,0.0865,0.0
87.0,0.087,0.0
87.5,0.0875,0.0
88.0,0.088,0.0
88.5,0.0885,0.0
89.0,0.089,0.0
89.5,0.0895,0.0
90.0,0.09,0.0
90.5,0.0905,0.0
91.0,0.091,0.0
91.5,0.0915,0.0
92.0,0.092,0.0
92.5,0.0925,0.0
93.0,0.093,0.0
93.5,0.0935,0.0
94.0,0.094,0.0
94.5,0.0945,0.0
95.0,0.095,0.0
95.5,0.0955,0.0
96.0,0.096,0.0
96.5,0.0965,0.0
97.0,0.097,0.0
97.5,0.0975,0.0
98.0,0.098,0.0
98.5,0.0985,0.0
99.0,0.099,0.0
99.5,0.0995,0.0
100.0,0.1,0.0
100.5,0.1005,0.0
101.0,0.101,0.0
101.5,0.1015,0.0
102.0,0.102,0.0
102.5,0.1025,0.0
103.0,0.103,0.0
103.5,0.1035,0.0
104.0,0.104,0.0
104.5,0.1045,0.0
105.0,0.105,0.0
105.5,0.1055,0.0
106.0,0.106,0.0
106.5,0.1065,0.0
107.0,0.107,0.0
107.5,0.1075,0.0
108.0,0.108,0.0
108.5,0.1085,0.0
109.0,0.109,0.0
109.5,0.1095,0.0
110.0,0.11,0.0
110.5,0.1105,0.0
111.0,0.111,0.0
111.5,0.1115,0.0
112.0,0.112,0.0
112.5,0.1125,0.0
113.0,0.113,0.0
113.5,0.1135,0.0
114.0,0.114,0.0
114.5,0.1145,0.0
115.0,0.115,0.0
115.5,0.1155,0.0
116.0,0.116,0.0
116.5,0.1165,0.0
117.0,0.117,0.0
117.5,0.1175,0.0
118.0,0.118,0.0
118.5,0.1185,0.0
119.0,0.119,0.0
119.5,0.1195,0.0
120.0,0.12,0.0
120.5,0.1205,0.0
121.0,0.121,0.0
121.5,0.1215,0.0
122.0,0.122,0.0
122.5,0.1225,0.0
123.0,0.123,0.0
123.5,0.1235,0.0
124.0,0.124,0.0
124.5,0.1245,0.0
125.0,0.125,0.0
125.5,0.1255,0.0
126.0,0.126,0.0
126.5,0.1265,0.0
127.0,0.127,0.0
127.5,0.1275,0.0
128.0,0.128,0.0
128.5,0.1285,0.0
129.0,0.129,0.0
129.5,0.1295,0.0
130.0,0.13,0.0
130.5,0.1305,0.0
131.0,0.131,0.0
131.5,0.1315,0.0
132.0,0.132,0.0
132.5,0.1325,0.0
133.0,0.133,0.0
133.5,0.1335,0.0
134.0,0.134,0.0
134.5,0.1345,0.0
135.0,0.135,0.0
135.5,0.1355,0.0
136.0,0.136,0.0
136.5,0.1365,0.0
137.0,0.137,0.0
137.5,0.1375,0.0
138.0,0.138,0.0
138.5,0.1385,0.0
139.0,0.139,0.0
139.5,0.1395,0.0
140.0,0.14,0.0
140.5,0.1405,0.0
141.0,0.141,0.0
141.5,0.1415,0.0
142.0,0.142,0.0
142.5,0.1425,0.0
143.0,0.143,0.0
143.5,0.1435,0.0
144.0,0.144,0.0
144.5,0.1445,0.0
145.0,0.145,0.0
145.5,0.1455,0.0
146.0,0.146,0.0
146.5,0.1465,0.0
147.0,0.147,0.0
147.5,0.1475,0.0
148.0,0.148,0.0
148.5,0.1485,0.0
149.0,0.149,0.0
149.5,0.1495,0.0
150.0,0.15,0.0
150.5,0.1505,0.0
151.0,0.151,0.0
151.5,0.1515,0.0
152.0,0.152,0.0
152.5,0.1525,0.0
153.0,0.153,0.0
153.5,0.1535,0.0
154.0,0.154,0.0
154.5,0.1545,0.0
155.0,0.155,0.0
155.5,0.1555,0.0
156.0,0.156,0.0
156.5,0.1565,0.0
157.0,0.157,0.0
157.5,0.1575,0.0
158.0,0.158,0.0
158.5,0.1585,0.0
159.0,0.159,0.0
159.5,0.1595,0.0
160.0,0.16,0.0
160.5,0.1605,0.0
161.0,0.161,0.0
161.5,0.1615,0.0
162.0,0.162,0.0
162.5,0.1625,0.0
163.0,0.163,0.0
163.5,0.1635,0.0
164.0,0.164,0.0
164.5,0.1645,0.0
165.0,0.165,0.0
165.5,0.1655,0.0
166.0,0.166,0.0
166.5,0.1665,0.0
167.0,0.167,0.0
167.5,0.1675,0.0
168.0,0.168,0.0
168.5,0.1685,0.0
169.0,0.169,0.0
169.5,0.1695,0.0
170.0,0.17,0.0
170.5,0.1705,0.0
171.0,0.171,0.0
171.5,0.1715,0.0
172.0,0.172,0.0
172.5,0.1725,0.0
173.0,0.173,0.0
173.5,0.1735,0.0
174.0,0.174,0.0
174.5,0.1745,0.0
175.0,0.175,0.0
175.5,0.1755,0.0
176.0,0.176,0.0
176.5,0.1765,0.0
177.0,0.177,0.0
177.5,0.1775,0.0
178.0,0.178,0.0
178.5,0.1785,0.0
179.0,0.179,0.0
179.5,0.1795,0.0
180.0,0.18,0.0
180.5,0.1805,0.0
181.0,0.181,0.0
181.5,0.1815,0.0
182.0,0.182,0.0
182.5,0.1825,0.0
183.0,0.183,0.0
183.5,0.1835,0.0
184.0,0.184,0.0
184.5,0.1845,0.0
185.0,0.185,0.0
185.5,0.1855,0.0
186.0,0.186,0.0
186.5,0.1865,0.0
187.0,0.187,0.0
187.5,0.1875,0.0
188.0,0.188,0.0
188.5,0.1885,0.0
189.0,0.189,0.0
189.5,0.1895,0.0
190.0,0.19,0.0
190.5,0.1905,0.0
191.0,0.191,0.0
191.5,0.1915,0.0
192.0,0.192,0.0
192.5,0.1925,0.0
193.0,0.193,0.0
193.5,0.1935,0.0
194.0,0.194,0.0
194.5,0.1945,0.0
195.0,0.195,0.0
195.5,0.1955,0.0
196.0,0.196,0.0
196.5,0.1965,0.0
197.0,0.197,0.0
197.5,0.1975,0.0
198.0,0.198,0.0
198.5,0.1985,0.0
199.0,0.199,0.0
199.5,0.1995,0.0
200.0,0.2,0.0
200.5,0.2005,0.0
201.0,0.201,0.0
201.5,0.2015,0.0
202.0,0.202,0.0
202.5,0.2025,0.0
203.0,0.203,0.0
203.5,0.2035,0.0
204.0,0.204,0.0
204.5,0.2045,0.0
205.0,0.205,0.0
205.5,0.2055,0.0
206.0,0.206,0.0
206.5,0.2065,0.0
207.0,0.207,0.0
207.5,0.2075,0.0
208.0,0.208,0.0
208.5,0.2085,0.0
209.0,0.209,0.0
209.5,0.2095,0.0
210.0,0.21,0.0
210.5,0.2105,0.0
211.0,0.211,0.0
211.5,0.2115,0.0
212.0,0.212,0.0
212.5,0.2125,0.0
213.0,0.213,0.0
213.5,0.2135,0.0
214.0,0.214,0.075
214.5,0.2145,0.075
215.0,0.215,0.075
215.5,0.2155,0.075
216.0,0.216,0.075
216.5,0.2165,0.075
217.0,0.217,0.075
217.5,0.2175,0.075
218.0,0.218,0.07894736842105263
218.5,0.2185,0.07894736842105263
219.0,0.219,0.07894736842105263
219.5,0.2195,0.07692307692307693
220.0,0.22,0.07692307692307693
220.5,0.2205,0.07692307692307693
221.0,0.221,0.07692307692307693
221.5,0.2215,0.07692307692307693
222.0,0.222,0.07692307692307693
222.5,0.2225,0.07692307692307693
223.0,0.223,0.07692307692307693
223.5,0.2235,0.07692307692307693
224.0,0.224,0.07692307692307693
224.5,0.2245,0.07692307692307693
225.0,0.225,0.07692307692307693
225.5,0.2255,0.07692307692307693
226.0,0.226,0.07692307692307693
226.5,0.2265,0.07692307692307693
227.0,0.227,0.07692307692307693
227.5,0.2275,0.07692307692307693
228.0,0.228,0.07692307692307693
228.5,0.2285,0.07692307692307693
229.0,0.229,0.07692307692307693
229.5,0.2295,0.07692307692307693
230.0,0.23,0.07692307692307693
230.5,0.2305,0.07692307692307693
231.0,0.231,0.07692307692307693
231.5,0.2315,0.07692307692307693
232.0,0.232,0.07692307692307693
232.5,0.2325,0.07692307692307693
233.0,0.233,0.07692307692307693
233.5,0.2335,0.07692307692307693
234.0,0.234,0.07692307692307693
234.5,0.2345,0.07692307692307693
235.0,0.235,0.07692307692307693
235.5,0.2355,0.07692307692307693
236.0,0.236,0.07692307692307693
236.5,0.2365,0.07692307692307693
237.0,0.237,0.07692307692307693
237.5,0.2375,0.07692307692307693
238.0,0.238,0.07692307692307693
238.5,0.2385,0.07692307692307693
239.0,0.239,0.07692307692307693
239.5,0.2395,0.07692307692307693
240.0,0.24,0.07692307692307693
240.5,0.2405,0.07692307692307693
241.0,0.241,0.07692307692307693
241.5,0.2415,0.07692307692307693
242.0,0.242,0.07692307692307693
242.5,0.2425,0.07692307692307693
243.0,0.243,0.07692307692307693
243.5,0.2435,0.07692307692307693
244.0,0.244,0.07692307692307693
244.5,0.2445,0.07692307692307693
245.0,0.245,0.07692307692307693
245.5,0.2455,0.07692307692307693
246.0,0.246,0.07692307692307693
246.5,0.2465,0.07692307692307693
247.0,0.247,0.07692307692307693
247.5,0.2475,0.07692307692307693
248.0,0.248,0.07692307692307693
248.5,0.2485,0.07692307692307693
249.0,0.249,0.07692307692307693
249.5,0.2495,0.07142857142857142
250.0,0.25,0.07142857142857142
