frame_idx,time_fs,time_ps,total_persistence_H0,total_persistence_H1,n_features_H0,n_features_H1,mean_lifetime_H0,mean_lifetime_H1
0,0.0,0.0,440.50945168665356,46.1296913822019,162,82,2.7191941462139124,0.5625572119780721
1,0.5,0.0005,440.46605690059585,46.148219550233534,162,81,2.718926277164173,0.5697311055584389
2,1.0,0.001,440.4532152695519,46.17595471354158,162,81,2.718847007836739,0.5700735149819949
3,1.5,0.0015,440.466566239895,46.21031258128943,162,82,2.7189294212339203,0.5635403973327978
4,2.0,0.002,440.49909852241365,46.250707286622124,162,81,2.719130237792677,0.5709963862545943
5,2.5,0.0025,440.54603304281306,46.29494851390561,162,81,2.719419957054403,0.571542574245748
6,3.0,0.003,440.6037693718061,46.34086320889135,162,81,2.7197763541469504,0.5721094223319917
7,3.5,0.0035,440.66907968641675,46.386195894891294,162,81,2.72017950423714,0.5726690851221147
8,4.0,0.004,440.740068695326,46.43606338779808,162,82,2.7206177079958396,0.5662934559487574
9,4.5,0.0045,440.81410840498256,46.48780854161552,162,82,2.7210747432406333,0.5669244944099456
10,5.0,0.005,440.8864532595978,46.5342056139014,162,82,2.721521316417271,0.5674903123646515
11,5.5,0.0055,440.96465110793486,46.58503471681599,162,83,2.722004019184783,0.5612654785158552
12,6.0,0.006,441.0440924719843,46.63267771196971,162,83,2.722494397975212,0.5618394905056594
13,6.5,0.0065,441.129129432616,46.68044663229967,162,83,2.7230193174852833,0.5624150196662611
14,7.0,0.007,441.2204110127247,46.728932027761516,162,83,2.723582784029166,0.5629991810573679
15,7.5,0.0075,441.31349691067453,46.77489521297369,162,83,2.7241573883374977,0.5635529543731771
16,8.0,0.008,441.409614354339,46.82348666443004,162,83,2.7247507058909823,0.56413839354735
17,8.5,0.0085,441.499043284731,46.85413932197887,162,83,2.7253027363254985,0.5645077026744441
18,9.0,0.009,441.58665142409217,46.877952698272296,162,83,2.725843527309211,0.564794610822558
19,9.5,0.0095,441.67682871456134,46.90207021584498,162,82,2.7264001772503788,0.5719764660468901
20,10.0,0.01,441.7722820967894,46.92432806614951,162,82,2.7269893956591944,0.5722479032457262
21,10.5,0.0105,441.8722534656817,46.938953950455925,162,82,2.7276065028745786,0.5724262676884866
22,11.0,0.011,441.973767951262,46.94606927587242,162,82,2.7282331355016156,0.5725130399496634
23,11.5,0.0115,442.07205038852976,46.947140339128815,162,83,2.728839817213147,0.5656281968569736
24,12.0,0.012,442.16581470397983,46.9432359037182,162,83,2.7294186092838264,0.5655811554664841
25,12.5,0.0125,442.25453311877567,46.93026814521342,162,82,2.7299662538196023,0.57232034323431
26,13.0,0.013,442.34208138930853,46.92608061924521,162,82,2.7305066752426446,0.5722692758444538
27,13.5,0.0135,442.42811611811527,46.91722735434762,162,82,2.731037753815528,0.5721613091993613
28,14.0,0.014,442.51037682483,46.89852968183269,162,82,2.7315455359557417,0.5719332888028378
29,14.5,0.0145,442.5953926620743,46.87818030222672,162,82,2.7320703250745324,0.5716851256369114
30,15.0,0.015,442.6820625227773,46.8574490454265,162,82,2.7326053242146724,0.5714323054320306
31,15.5,0.0155,442.77146134031705,46.83456689264489,162,80,2.7331571687673883,0.5854320861580609
32,16.0,0.016,442.8642278228621,46.815028465538205,162,80,2.7337298013756928,0.585187855819227
33,16.5,0.0165,442.9604390682689,46.79550222134175,162,80,2.734323697952275,0.584943777766772
34,17.0,0.017,443.05979945874986,46.77614680503058,162,81,2.734937033695986,0.5774832938892666
35,17.5,0.0175,443.1576962578505,46.760048366834134,162,81,2.7355413349250024,0.5772845477386928
36,18.0,0.018,443.25758748250905,46.74272069747121,162,80,2.7361579474228948,0.5842840087183903
37,18.5,0.0185,443.35800341603203,46.72376835399244,162,80,2.7367777988643938,0.5840471044249057
38,19.0,0.019,443.45700417983124,46.71125955060692,162,80,2.737388914690316,0.5838907443825866
39,19.5,0.0195,443.557388034429,46.69851944193864,162,80,2.73800856811376,0.5837314930242331
40,20.0,0.02,443.6598537217949,46.68057155192786,162,80,2.7386410723567565,0.5835071443990983
41,20.5,0.0205,443.75716180166216,46.66339038084894,162,80,2.7392417395164332,0.5832923797606122
42,21.0,0.021,443.8525886134506,46.6470962593886,162,80,2.7398307939101887,0.5830887032423575
43,21.5,0.0215,443.9376700202134,46.620693773561925,162,80,2.7403559877790955,0.5827586721695243
44,22.0,0.022,444.0181188017438,46.59518779448143,162,80,2.7408525851959507,0.5824398474310182
45,22.5,0.0225,444.1008872139218,46.57467820757033,162,79,2.7413635013205044,0.5895528887034217
46,23.0,0.023,444.18610568132533,46.56991967353153,162,79,2.7418895412427484,0.5894926540953355
47,23.5,0.0235,444.2738357620003,46.56685670286139,162,79,2.7424310849506193,0.5894538823147008
48,24.0,0.024,444.3631340346461,46.565755908480156,162,79,2.7429823088558414,0.5894399482086093
49,24.5,0.0245,444.444924000481,46.570808278690244,162,78,2.7434871851881546,0.597061644598593
50,25.0,0.025,444.5260865803067,46.57785326969704,162,78,2.7439881887673256,0.5971519649961159
51,25.5,0.0255,444.6078420308672,46.58662197536675,162,78,2.74449285204239,0.5972643842995738
52,26.0,0.026,444.6924441054107,46.588069926659514,162,77,2.7450150870704375,0.6050398691773963
53,26.5,0.0265,444.7787989035968,46.592724485084474,162,77,2.745548141380229,0.60510031798811
54,27.0,0.027,444.86183297971934,46.589108983310226,162,78,2.746060697405674,0.5972962690167977
55,27.5,0.0275,444.9447867347161,46.5812500579923,162,78,2.746572757621704,0.5971955135640039
56,28.0,0.028,445.0276878415815,46.579022134602944,162,78,2.7470844928492686,0.5971669504436274
57,28.5,0.0285,445.1082503496995,46.5755197132501,162,78,2.7475817922820966,0.5971220476057705
58,29.0,0.029,445.1788731722506,46.56861311729832,162,77,2.748017735631177,0.6047871833415364
59,29.5,0.0295,445.24744460728687,46.556742652132506,162,77,2.7484410160943633,0.6046330214562663
60,30.0,0.03,445.3160989404802,46.54370490114063,162,77,2.74886480827457,0.6044637000148132
61,30.5,0.0305,445.38836960744993,46.532346586001424,162,78,2.7493109235027786,0.5965685459743777
62,31.0,0.031,445.45983423139705,46.524304797229775,162,78,2.749752063156773,0.5964654461183306
63,31.5,0.0315,445.5341823361718,46.51657965038383,162,78,2.750211002075134,0.5963664057741519
64,32.0,0.032,445.6068080059616,46.51287105511119,162,79,2.750659308678776,0.588770519684952
65,32.5,0.0325,445.68221490953187,46.51071346592885,162,79,2.7511247833921697,0.5887432084294789
66,33.0,0.033,445.76104330541494,46.512993349270985,162,79,2.7516113784284877,0.5887720677122912
67,33.5,0.0335,445.83499765127107,46.50738824910848,162,79,2.7520678867362416,0.5887011170773229
68,34.0,0.034,445.91317803361284,46.50923389746976,162,80,2.752550481688969,0.5813654237183723
69,34.5,0.0345,445.98518634231306,46.50591744651023,162,80,2.752994977421686,0.5813239680813779
70,35.0,0.035,446.0455617681345,46.49670024123603,162,80,2.7533676652353987,0.5812087530154504
71,35.5,0.0355,446.1044542430784,46.48873782911787,162,80,2.7537311990313467,0.5811092228639738
72,36.0,0.036,446.1450074281992,46.47409925610682,162,81,2.7539815273345623,0.5737543118037881
73,36.5,0.0365,446.1830078507948,46.45810704914063,162,81,2.754216097844414,0.5735568771498841
74,37.0,0.037,446.22320361456104,46.44400652834692,162,82,2.7544642198429687,0.5663903235164256
75,37.5,0.0375,446.26774751651817,46.43326044039387,162,82,2.7547391822007294,0.5662592736633397
76,38.0,0.038,446.3146579755798,46.41818416572227,162,82,2.7550287529356794,0.5660754166551497
77,38.5,0.0385,446.36246506818037,46.40979656363418,162,82,2.7553238584455584,0.5659731288248073
78,39.0,0.039,446.40719300022687,46.402920240808555,162,83,2.755599956791525,0.5590713282025127
79,39.5,0.0395,446.4537511152876,46.39868915909449,162,82,2.755887352563504,0.5658376726718845
80,40.0,0.04,446.50249468697376,46.38955062290527,162,83,2.7561882388084804,0.5589102484687384
81,40.5,0.0405,446.5495302883655,46.38121978546457,162,83,2.7564785820269466,0.558809876933308
82,41.0,0.041,446.59289826774364,46.365405063218674,162,83,2.756746285603357,0.5586193381110686
83,41.5,0.0415,446.63603067427306,46.35433916756411,162,83,2.7570125350263766,0.5584860140670375
84,42.0,0.042,446.6741189336374,46.35060392157035,162,83,2.757247647738503,0.5584410111032573
85,42.5,0.0425,446.7147206335044,46.33997383220578,162,83,2.7574982755154593,0.5583129377374192
86,43.0,0.043,446.7564710928575,46.326496925682356,162,82,2.757755994400355,0.5649572795814924
87,43.5,0.0435,446.7963368949318,46.309847624152404,162,83,2.758002079598345,0.5579499713753302
88,44.0,0.044,446.83803306252577,46.2950373062963,162,83,2.7582594633489252,0.557771533810799
89,44.5,0.0445,446.88197188562236,46.280541388227775,162,82,2.758530690651991,0.5643968461978994
90,45.0,0.045,446.92212298011384,46.26351786088966,162,81,2.7587785369142823,0.571154541492465
91,45.5,0.0455,446.96059225085094,46.251536021319104,162,81,2.7590160015484626,0.5710066175471494
92,46.0,0.046,446.99988070284826,46.24164267269792,162,82,2.7592585228570874,0.5639224716182675
93,46.5,0.0465,447.0188994133817,46.219087215674215,162,82,2.759375922304824,0.5636474050691979
94,47.0,0.047,447.0437859066791,46.204335834092014,162,82,2.7595295426338224,0.563467510171854
95,47.5,0.0475,447.07488025410714,46.19861673924442,162,82,2.7597214830500447,0.563397765112737
96,48.0,0.048,447.0902422926735,46.18239262864228,162,82,2.759816310448601,0.5631999101053935
97,48.5,0.0485,447.10243150616213,46.16772264972569,162,82,2.759891552507174,0.5630210079234839
98,49.0,0.049,447.11700413845534,46.15929166772564,162,82,2.7599815070275016,0.5629181910698251
99,49.5,0.0495,447.13376213259545,46.14896174982858,162,82,2.7600849514357746,0.5627922164613242
100,50.0,0.05,447.15027662565086,46.14761494848948,162,81,2.7601868927509314,0.569723641339376
101,50.5,0.0505,447.16963501626554,46.1506118672413,162,81,2.760306388989294,0.5697606403363126
102,51.0,0.051,447.1919675515205,46.15456149362645,162,81,2.76044424414519,0.5698094011558821
103,51.5,0.0515,447.2174242807376,46.15920191490075,162,81,2.7606013844489965,0.5698666903074169
104,52.0,0.052,447.24639365482466,46.16405901717839,162,81,2.760780207745832,0.5699266545330667
105,52.5,0.0525,447.27862272199286,46.171705245665244,162,81,2.760979152604893,0.5700210524156203
106,53.0,0.053,447.3136533732758,46.19030429346088,162,80,2.7611953911930605,0.577378803668261
107,53.5,0.0535,447.35991302999093,46.20020842860145,162,80,2.761480944629573,0.5775026053575185
108,54.0,0.054,447.39910497452956,46.21063949955882,162,80,2.7617228702131427,0.5776329937444855
109,54.5,0.0545,447.43067783001675,46.2166268532767,162,81,2.761917764382819,0.5705756401639097
110,55.0,0.055,447.460952057066,46.22465006075472,162,81,2.762104642327569,0.5706746921080834
111,55.5,0.0555,447.478723014932,46.217585973041636,162,81,2.762214339598345,0.570587481148662
112,56.0,0.056,447.4855419118724,46.2001111202363,162,81,2.762256431554768,0.5703717422251395
113,56.5,0.0565,447.48444992435606,46.17590448737723,162,81,2.762249690891085,0.570072894905892
114,57.0,0.057,447.48684386272697,46.151656933291136,162,81,2.762264468288439,0.5697735423863103
115,57.5,0.0575,447.49255253988747,46.119146100926834,162,81,2.7622997070363433,0.5693721740855163
116,58.0,0.058,447.49923419518905,46.09159535183953,162,81,2.7623409518221536,0.5690320413807345
117,58.5,0.0585,447.50873979039994,46.06742647867773,162,81,2.7623996283358023,0.5687336602305895
118,59.0,0.059,447.51241901094994,46.03452797882524,162,81,2.762422339573766,0.5683275059114229
119,59.5,0.0595,447.51681881599,46.00681168359299,162,80,2.762449498864136,0.5750851460449123
120,60.0,0.06,447.5239044531658,45.978212795057466,162,80,2.762493237365221,0.5747276599382182
121,60.5,0.0605,447.533365525286,45.95034105694042,162,81,2.762551639044976,0.5672881611967949
122,61.0,0.061,447.5440700526131,45.923410182146235,162,81,2.762617716374155,0.5669556812610645
123,61.5,0.0615,447.5590158279616,45.89916371016174,162,82,2.762709974246677,0.5597458989044114
124,62.0,0.062,447.5782616358672,45.87331886808366,162,82,2.7628287755300467,0.5594307179034589
125,62.5,0.0625,447.60163168414016,45.84639362205487,162,82,2.7629730350872848,0.5591023612445716
126,63.0,0.063,447.6288466524619,45.81777255618425,162,82,2.7631410287189015,0.5587533238559058
127,63.5,0.0635,447.65773311119096,45.78711604366114,162,82,2.7633193401925373,0.5583794639470872
128,64.0,0.064,447.6891303489966,45.75522432356428,162,82,2.7635131503024484,0.5579905405312715
129,64.5,0.0645,447.7231755167904,45.723470877453806,162,82,2.7637233056592008,0.5576033033835829
130,65.0,0.065,447.75974911286437,45.68914556102139,162,82,2.7639490685979298,0.5571847019636755
131,65.5,0.0655,447.7894861574502,45.65079466660629,162,82,2.764132630601547,0.556717008129345
132,66.0,0.066,447.81956393353005,45.61604327555858,162,82,2.764318295885988,0.5562932106775437
133,66.5,0.0665,447.84000316694187,45.57425807450038,162,82,2.7644444639934678,0.5557836350548827
134,67.0,0.067,447.85918497717495,45.530364681987884,162,82,2.7645628702294744,0.5552483497803401
135,67.5,0.0675,447.8815466568932,45.48719031662626,162,82,2.7647009052894655,0.5547218331295883
136,68.0,0.068,447.90598762485297,45.4452581371433,162,82,2.764851775462055,0.5542104650871132
137,68.5,0.0685,447.92777853067724,45.40476962454428,162,83,2.7649862872264026,0.5470454171631838
138,69.0,0.069,447.95235041519635,45.3704105288146,162,82,2.7651379655259043,0.5532976893757877
139,69.5,0.0695,447.9801583554402,45.33779391335065,162,82,2.765309619478024,0.5528999257725689
140,70.0,0.07,448.0111436941011,45.306333215394304,162,82,2.765500887000624,0.5525162587243208
141,70.5,0.0705,448.04519692743963,45.277425892176794,162,82,2.7657110921446884,0.5521637303923997
142,71.0,0.071,448.0821173220935,45.25670806623344,162,82,2.7659389958153904,0.5519110739784563
143,71.5,0.0715,448.12189604945564,45.238201971711334,162,83,2.7661845435151595,0.545038577972426
144,72.0,0.072,448.16480077203096,45.2206483803207,162,83,2.7664493874816705,0.5448270889195266
145,72.5,0.0725,448.21060363675497,45.19493280854232,162,83,2.7667321212145377,0.544517262753522
146,73.0,0.073,448.25437637552733,45.17110680967888,162,83,2.7670023233057255,0.5442302025262515
147,73.5,0.0735,448.292568003726,45.14601655992425,162,83,2.7672380740970737,0.5439279103605332
148,74.0,0.074,448.33231350745336,45.11997806674889,162,83,2.767483416712675,0.5436141935752881
149,74.5,0.0745,448.37258958162965,45.09351601739082,162,83,2.767732034454504,0.5432953737035039
150,75.0,0.075,448.4150442438874,45.06438141807384,162,83,2.7679941002709105,0.5429443544346247
151,75.5,0.0755,448.46037301367204,45.035133819085765,162,83,2.7682739074918024,0.5425919737239245
152,76.0,0.076,448.508381905842,45.00624957945636,162,83,2.7685702586780367,0.5422439708368237
153,76.5,0.0765,448.5596496820251,44.97745413617361,162,83,2.768886726432255,0.541897037785224
154,77.0,0.077,448.6026490072415,44.93708245016857,162,83,2.7691521543656874,0.5414106319297421
155,77.5,0.0775,448.6468437264916,44.89952681085827,162,83,2.76942496127464,0.5409581543476898
156,78.0,0.078,448.6893492231963,44.868351333123016,162,83,2.769687340883926,0.5405825461822051
157,78.5,0.0785,448.7326071834936,44.83767295184396,162,83,2.7699543653302086,0.5402129271306502
158,79.0,0.079,448.77887116219216,44.810779882149944,162,83,2.770239945445632,0.5398889142427702
159,79.5,0.0795,448.8284230225465,44.78481415796824,162,84,2.7705458211268326,0.5331525494996218
160,80.0,0.08,448.8814191863203,44.75612079776636,162,85,2.7708729579402473,0.5265425976207804
161,80.5,0.0805,448.9350364416621,44.72193320317582,162,85,2.7712039286522345,0.526140390625598
162,81.0,0.081,448.97979833661327,44.68314708399404,162,85,2.7714802366457616,0.5256840833411062
163,81.5,0.0815,449.0268940661599,44.65184881929066,162,84,2.771770951025679,0.5315696288010789
164,82.0,0.082,449.0727305672102,44.61510426867136,162,84,2.772053892390187,0.531132193674659
165,82.5,0.0825,449.11819306071493,44.572021981848536,162,84,2.7723345250661406,0.5306193093077203
166,83.0,0.083,449.16105998972233,44.52556415061321,162,85,2.7725991357390276,0.5238301664778022
167,83.5,0.0835,449.200651523996,44.47371795670661,162,85,2.7728435279259007,0.523220211255372
168,84.0,0.084,449.24208874688895,44.41839135365553,162,86,2.7730993132524,0.5164929227169246
169,84.5,0.0845,449.2821592240502,44.37099507239817,162,85,2.7733466618768534,0.5220117067340958
170,85.0,0.085,449.3184088396889,44.320232328708755,162,86,2.773570424936352,0.5153515387059161
171,85.5,0.0855,449.3479867840196,44.26728147970862,162,86,2.7737530048396253,0.5147358311594026
172,86.0,0.086,449.380153292734,44.214773616363324,162,86,2.7739515635353964,0.5141252746088759
173,86.5,0.0865,449.3998955630065,44.14931606219789,162,86,2.7740734294012763,0.5133641402581148
174,87.0,0.087,449.4136274034262,44.08581581028369,162,85,2.7741581938483106,0.5186566565915728
175,87.5,0.0875,449.43060725641857,44.02709145909857,162,86,2.774263007755669,0.5119429239430067
176,88.0,0.088,449.44867813031857,43.97167896112224,162,86,2.7743745563599913,0.5112985925711887
177,88.5,0.0885,449.4701736311197,43.91992315374268,162,86,2.774507244636541,0.510696780857473
178,89.0,0.089,449.49161810474425,43.87327753491096,162,86,2.774639617930522,0.5101543899408253
179,89.5,0.0895,449.5097969366458,43.819415712940106,162,86,2.7747518329422585,0.5095280896853499
180,90.0,0.09,449.5313029588557,43.7558738827595,162,86,2.7748845861657765,0.5087892311948777
181,90.5,0.0905,449.55332107838325,43.68766823922047,162,86,2.775020500483846,0.5079961423165171
182,91.0,0.091,449.5789614611646,43.62279265006223,162,86,2.7751787744516347,0.5072417750007233
183,91.5,0.0915,449.6069084070782,43.554370859905596,162,86,2.7753512864634446,0.5064461727896001
184,92.0,0.092,449.6273520603974,43.4743518764204,162,86,2.7754774818543066,0.5055157194932606
185,92.5,0.0925,449.6503590753924,43.4042366821454,162,87,2.775619500465386,0.49889927220856767
186,93.0,0.093,449.6761553556792,43.339918550285304,162,86,2.7757787367634523,0.5039525412823873
187,93.5,0.0935,449.6992041726793,43.280757714241815,162,87,2.775921013411601,0.49747997372691694
188,94.0,0.094,449.7171755081994,43.22310335622763,162,87,2.776031947581479,0.4968172799566397
189,94.5,0.0945,449.72742899656697,43.16050653639038,162,87,2.776095240719548,0.4960977762803492
190,95.0,0.095,449.7384843294872,43.104576440085516,162,86,2.776163483515353,0.5012160051172736
191,95.5,0.0955,449.7389549296619,43.04217143076116,162,86,2.776166388454702,0.500490365473967
192,96.0,0.096,449.73966031187535,42.982487505325196,162,86,2.7761707426658964,0.49979636634099034
193,96.5,0.0965,449.7403153655973,42.922052611327075,162,86,2.776174786207391,0.49909363501543075
194,97.0,0.097,449.73307829348846,42.85592930729956,162,85,2.776130112922768,0.5041874036152888
195,97.5,0.0975,449.72569886684727,42.7990949427216,162,86,2.7760845609064644,0.4976638946828094
196,98.0,0.098,449.7181880685281,42.74221769530499,162,86,2.776038197953878,0.497002531340756
197,98.5,0.0985,449.7120851382042,42.682798206563945,162,86,2.7760005255444713,0.49631160705306904
198,99.0,0.099,449.7018222544164,42.618571928503776,162,87,2.7759371744099783,0.4898686428563652
199,99.5,0.0995,449.6920400534541,42.557699272563404,162,87,2.775876790453419,0.4891689571559012
200,100.0,0.1,449.68288349362217,42.506894268375824,162,85,2.7758202684791486,0.5000811090397157
201,100.5,0.1005,449.6742354909103,42.46899408521496,162,85,2.77576688574636,0.49963522453194087
202,101.0,0.101,449.6638572762806,42.439286256969886,162,84,2.775702822693091,0.5052295982972606
203,101.5,0.1015,449.64696158861886,42.407658745471785,162,84,2.775598528324807,0.5048530803032354
204,102.0,0.102,449.6148891178769,42.36118891063544,162,84,2.775400550110351,0.5042998679837549
205,102.5,0.1025,449.57956933122597,42.31479840819432,162,84,2.7751825267359633,0.5037476000975514
206,103.0,0.103,449.5388121202506,42.268633290058695,162,84,2.774930939013895,0.5031980153578415
207,103.5,0.1035,449.49722171926686,42.22287891805249,162,84,2.7746742081436233,0.5026533204530059
208,104.0,0.104,449.45648696464633,42.18184189041293,162,83,2.774422759041027,0.5082149625350955
209,104.5,0.1045,449.4163648973716,42.143220062864756,162,83,2.774175091959084,0.5077496393116239
210,105.0,0.105,449.3730493482026,42.1020658608816,162,83,2.773907712025942,0.5072538055527903
211,105.5,0.1055,449.32439144551336,42.05857637466288,162,83,2.773607354601935,0.5067298358393116
212,106.0,0.106,449.27137954193176,42.0148924221012,162,83,2.7732801206292086,0.5062035231578456
213,106.5,0.1065,449.2205508403418,41.97981196592485,162,82,2.7729663632119874,0.5119489264137178
214,107.0,0.107,449.16238781315786,41.952750714868046,162,82,2.7726073321799865,0.5116189111569275
215,107.5,0.1075,449.10355856014246,41.927829746700176,162,81,2.772244188642855,0.5176275277370395
216,108.0,0.108,449.0475894164424,41.90955615215165,162,80,2.7718987001014948,0.5238694519018956
217,108.5,0.1085,448.99421942656994,41.896200754323935,162,80,2.771569255719568,0.5237025094290494
218,109.0,0.109,448.94435009868977,41.891556831581866,162,79,2.771261420362284,0.5302728712858464
219,109.5,0.1095,448.8986657115075,41.88789476682765,162,79,2.770979417972269,0.5302265160357928
220,110.0,0.11,448.8555061466584,41.88251521891126,162,79,2.7707130009052996,0.5301584204925476
221,110.5,0.1105,448.81634260952023,41.880904112626894,162,79,2.7704712506760503,0.5301380267421124
222,111.0,0.111,448.7817678093326,41.88012230660115,162,79,2.7702578259835366,0.5301281304633058
223,111.5,0.1115,448.75066381139106,41.88018870121727,162,79,2.7700658259962405,0.5301289709014845
224,112.0,0.112,448.718168395429,41.881140385881444,162,79,2.7698652370088195,0.5301410175428034
225,112.5,0.1125,448.6849747968115,41.87922482540112,162,80,2.7696603382519207,0.523490310317514
226,113.0,0.113,448.6530177607336,41.876332773294095,162,80,2.7694630725971203,0.5234541596661763
227,113.5,0.1135,448.6226030676412,41.88023258773545,162,78,2.7692753275780326,0.5369260588171212
228,114.0,0.114,448.59551855435774,41.89390219215024,162,78,2.7691081392244286,0.5371013101557724
229,114.5,0.1145,448.5744089858877,41.912807106214785,162,78,2.7689778332462214,0.5373436808489075
230,115.0,0.115,448.5520854896766,41.93091784004165,162,78,2.7688400338868937,0.5375758697441235
231,115.5,0.1155,448.52641900250427,41.94339815174497,162,78,2.7686815987808915,0.5377358737403204
232,116.0,0.116,448.50236451231376,41.965435469219706,162,78,2.768533114273541,0.5380184034515345
233,116.5,0.1165,448.4746219984958,41.985834881057485,162,78,2.768361864188245,0.5382799343725317
234,117.0,0.117,448.44420037708426,42.0051082483708,162,79,2.7681740764017553,0.5317102309920355
235,117.5,0.1175,448.4156794790001,42.02977280261456,162,78,2.76799802147531,0.5388432410591607
236,118.0,0.118,448.3906076200743,42.06193142240633,162,77,2.767843256914039,0.5462588496416406
237,118.5,0.1185,448.369976094836,42.10449954646616,162,76,2.7677159018199746,0.5540065729798181
238,119.0,0.119,448.35387412984835,42.14846233785739,162,76,2.7676165069743717,0.5545850307612812
239,119.5,0.1195,448.336962745864,42.1916828467444,162,76,2.767512115715211,0.5551537216676895
240,120.0,0.12,448.31018653865675,42.223666636989975,162,76,2.7673468304855335,0.5555745610130259
241,120.5,0.1205,448.2782355997719,42.255108100390935,162,76,2.7671496024677267,0.5559882644788281
242,121.0,0.121,448.2493464841356,42.284156543912985,162,76,2.7669712745934296,0.5563704808409603
243,121.5,0.1215,448.2152806896101,42.30755336807575,162,75,2.7667609919111738,0.5641007115743434
244,122.0,0.122,448.1782219880036,42.32390519483849,162,75,2.7665322344938503,0.56431873593118
245,122.5,0.1225,448.1396439133206,42.33973506313408,162,75,2.7662940982303743,0.5645298008417875
246,123.0,0.123,448.10174328254783,42.354933444733206,162,75,2.7660601437194323,0.564732445929776
247,123.5,0.1235,448.0657235726576,42.36551973364801,162,75,2.7658377998312202,0.5648735964486403
248,124.0,0.124,448.03296939051955,42.37185220309353,162,75,2.765635613521726,0.5649580293745802
249,124.5,0.1245,448.0035868085042,42.37927962381999,162,74,2.7654542395586685,0.5726929678894593
250,125.0,0.125,447.9776432660497,42.39190368694199,162,74,2.7652940942348723,0.5728635633370539
251,125.5,0.1255,447.9489104126819,42.40003641481835,162,74,2.76511673094248,0.5729734650651129
252,126.0,0.126,447.9231953661124,42.41327327557975,162,75,2.7649579960871136,0.5655103103410635
253,126.5,0.1265,447.9006275449069,42.4326214254542,162,76,2.7648186885488086,0.5583239661243976
254,127.0,0.127,447.87894537810945,42.451683949664805,162,76,2.7646848480130224,0.5585747888113793
255,127.5,0.1275,447.8566248205644,42.46578453219256,162,76,2.7645470667936074,0.5587603227920073
256,128.0,0.128,447.8356557021143,42.486705963944125,162,77,2.7644176277908303,0.5517754021291444
257,128.5,0.1285,447.8156867786938,42.51779629465035,162,76,2.764294362831444,0.5594446880875045
258,129.0,0.129,447.7884535401474,42.55440174696823,162,76,2.7641262564206626,0.5599263387758978
259,129.5,0.1295,447.7605857582482,42.59342420923333,162,75,2.763954233075607,0.5679123227897775
260,130.0,0.13,447.7377660354496,42.63488909053392,162,75,2.7638133705891947,0.5684651878737856
261,130.5,0.1305,447.70597310666165,42.67508316105164,162,75,2.7636171179423545,0.569001108814022
262,131.0,0.131,447.6692509551615,42.715445573950596,162,75,2.763390437994824,0.5695392743193414
263,131.5,0.1315,447.6284095389947,42.755437021713206,162,76,2.76313833048762,0.5625715397593843
264,132.0,0.132,447.58704337674584,42.798271662980525,162,76,2.7628829838070734,0.5631351534602701
265,132.5,0.1325,447.54821706376265,42.84204153567231,162,76,2.762643315208412,0.5637110728377933
266,133.0,0.133,447.5119636354695,42.88813424026213,162,76,2.7624195286140076,0.564317555792923
267,133.5,0.1335,447.47062773062055,42.93715184403818,162,76,2.762164368707534,0.5649625242636608
268,134.0,0.134,447.428697675483,42.983077141553025,162,76,2.7619055412066866,0.5655668044941186
269,134.5,0.1345,447.3870971274603,43.02537952032552,162,77,2.7616487477003715,0.5587711626016301
270,135.0,0.135,447.34480663639727,43.071758207363125,162,77,2.7613876952864027,0.5593734832125079
271,135.5,0.1355,447.3048131229086,43.119403105803855,162,77,2.7611408217463502,0.5599922481273227
272,136.0,0.136,447.2629039562078,43.16912523941265,162,76,2.760882123186469,0.5680148057817455
273,136.5,0.1365,447.22382086246694,43.22787975046651,162,76,2.7606408695214,0.5687878914535066
274,137.0,0.137,447.18783183833204,43.291303842200804,162,76,2.760418715051433,0.5696224189763264
275,137.5,0.1375,447.14657734311237,43.35191494661532,162,76,2.7601640576735336,0.570419933508096
276,138.0,0.138,447.09747073277225,43.40639630777333,162,76,2.759860930449211,0.5711367935233332
277,138.5,0.1385,447.0478580956455,43.45494528059515,162,76,2.75955467960275,0.5717755957973045
278,139.0,0.139,446.9985462244516,43.50041330541704,162,76,2.759250285336123,0.572373859281803
279,139.5,0.1395,446.9507930975433,43.5451500052477,162,76,2.7589555129477987,0.5729625000690485
280,140.0,0.14,446.89794943932463,43.58839506204842,162,76,2.7586293175266947,0.5735315139743211
281,140.5,0.1405,446.8395500365959,43.6310132270956,162,76,2.7582688273863942,0.5740922793038895
282,141.0,0.141,446.7810622522056,43.67252513952721,162,76,2.7579077916802794,0.5746384886779898
283,141.5,0.1415,446.7120608397502,43.706144738053034,162,76,2.7574818570354975,0.5750808518164875
284,142.0,0.142,446.64045119419353,43.7330079686011,162,76,2.7570398221863797,0.5754343153763306
285,142.5,0.1425,446.57184214373933,43.75946745514013,162,76,2.7566163095292553,0.5757824665150016
286,143.0,0.143,446.5064028224689,43.77954692502841,162,76,2.75621236310166,0.5760466700661635
287,143.5,0.1435,446.4442957832671,43.79374434719413,162,76,2.7558289863164642,0.5762334782525544
288,144.0,0.144,446.38569302865847,43.80163920356092,162,76,2.755467240917645,0.5763373579415912
289,144.5,0.1445,446.32919916396463,43.813666396491335,162,76,2.755118513357807,0.5764956104801491
290,145.0,0.145,446.27279822896224,43.8216953481181,162,76,2.754770359438038,0.5766012545805013
291,145.5,0.1455,446.22035542913414,43.83018920913803,162,75,2.7544466384514465,0.5844025227885069
292,146.0,0.146,446.17118547624733,43.84947027657457,162,75,2.7541431202237483,0.5846596036876608
293,146.5,0.1465,446.11807175757747,43.868073710943946,162,75,2.753815257762825,0.5849076494792523
294,147.0,0.147,446.0677552292577,43.88869128278273,162,75,2.753504661908999,0.585182550437103
295,147.5,0.1475,446.019998702488,43.90818304176038,162,75,2.7532098685338764,0.585442440556805
296,148.0,0.148,445.9688952668881,43.92410395694393,162,76,2.7528944152277033,0.5779487362755777
297,148.5,0.1485,445.9170715684791,43.94178442334296,162,76,2.7525745158548105,0.5781813739913548
298,149.0,0.149,445.8679824394758,43.96074007401915,162,76,2.752271496539974,0.57843079044762
299,149.5,0.1495,445.8199533889897,43.97797566258279,162,76,2.7519750209196894,0.5786575745076683
300,150.0,0.15,445.7734326699145,43.994037293008915,162,76,2.751687855987127,0.5788689117501173
301,150.5,0.1505,445.7249079091056,44.00538011829759,162,76,2.7513883204265777,0.5790181594512841
302,151.0,0.151,445.67300522951933,44.009703840039364,162,77,2.751067933515551,0.5715545953251862
303,151.5,0.1515,445.6234892515922,44.01194941030529,162,77,2.7507622793308153,0.5715837585753932
304,152.0,0.152,445.5748786760569,44.011200755461054,162,77,2.7504622140497315,0.5715740357852086
305,152.5,0.1525,445.52855467094224,44.01540725723916,162,77,2.750176263400878,0.5716286656784305
306,153.0,0.153,445.4815005392386,44.023047401879964,162,79,2.7498858057977706,0.5572537645807593
307,153.5,0.1535,445.43614780926396,44.03260406413753,162,79,2.7496058506744694,0.557374734989083
308,154.0,0.154,445.3840422849295,44.015657193093446,162,79,2.7492842116353673,0.5571602176340943
309,154.5,0.1545,445.32923607028124,43.99687885969057,162,79,2.7489459016684026,0.5569225172112731
310,155.0,0.155,445.2767415651653,43.98189029460556,162,79,2.748621861513366,0.5567327885393107
311,155.5,0.1555,445.2236737577413,43.96763741428698,162,78,2.748294282455193,0.5636876591575256
312,156.0,0.156,445.1684449313095,43.95501693827604,162,78,2.7479533637735156,0.5635258581830259
313,156.5,0.1565,445.12513505205663,43.94527232085925,162,77,2.7476860188398566,0.5707178223488215
314,157.0,0.157,445.08899130973566,43.93806452542417,162,77,2.747462909319356,0.5706242146158983
315,157.5,0.1575,445.06025432014087,43.933997890088776,162,76,2.747285520494697,0.5780789196064312
316,158.0,0.158,445.03655463583243,43.93058925784225,162,76,2.7471392261471133,0.5780340691821351
317,158.5,0.1585,445.0031033883265,43.913684823581576,162,76,2.7469327369649776,0.577811642415547
318,159.0,0.159,444.97294004545796,43.89489639663312,162,76,2.7467465434904814,0.5775644262714884
319,159.5,0.1595,444.9444443574013,43.87934831897777,162,75,2.7465706441814914,0.58505797758637
320,160.0,0.16,444.92029793622527,43.86499897470058,162,75,2.7464215921989212,0.5848666529960082
321,160.5,0.1605,444.8943558190811,43.844899281559215,162,75,2.7462614556733427,0.5845986570874563
322,161.0,0.161,444.86666072133596,43.819125786235276,162,75,2.7460904982798504,0.5842550104831368
323,161.5,0.1615,444.8417568988393,43.79259264097947,162,75,2.7459367709804874,0.5839012352130593
324,162.0,0.162,444.81393296414853,43.780298862057016,162,75,2.7457650182972144,0.5837373181607604
325,162.5,0.1625,444.7862654961259,43.77707098181903,162,76,2.745594231457566,0.5760140918660398
326,163.0,0.163,444.7624462504711,43.77505632629334,162,76,2.7454471990769815,0.575987583240702
327,163.5,0.1635,444.7422537320609,43.77494967893231,162,76,2.7453225539016115,0.5759861799859515
328,164.0,0.164,444.7254195489934,43.78260038093339,162,76,2.7452186391913167,0.5760868471175447
329,164.5,0.1645,444.7081024200491,43.79040078331239,162,76,2.745111743333637,0.5761894839909528
330,165.0,0.165,444.6926928111421,43.79765618440524,162,75,2.7450166222910006,0.5839687491254032
331,165.5,0.1655,444.67391423000703,43.80011779486528,162,75,2.7449007051235013,0.5840015705982039
332,166.0,0.166,444.6585238998665,43.803263359119235,162,75,2.744805703085595,0.5840435114549231
333,166.5,0.1665,444.6503247842042,43.80139323678572,162,75,2.744755091260523,0.5840185764904764
334,167.0,0.167,444.6438548422776,43.79696648998064,162,75,2.7447151533473924,0.583959553199742
335,167.5,0.1675,444.6373790467538,43.80203040405674,162,74,2.7446751793009505,0.5919193297845506
336,168.0,0.168,444.6378859830815,43.79767445122453,162,74,2.744678308537539,0.5918604655570884
337,168.5,0.1685,444.64530567487833,43.79288406639397,162,75,2.744724109104188,0.583905120885253
338,169.0,0.169,444.65484867702247,43.794808292805996,162,74,2.744783016524831,0.5918217336865675
339,169.5,0.1695,444.66695049251393,43.80138051730905,162,74,2.7448577190895906,0.5919105475312033
340,170.0,0.17,444.6815429409316,43.808978568311815,162,74,2.7449477959316777,0.5920132238961058
341,170.5,0.1705,444.698393582217,43.81720958291582,162,74,2.745051812235907,0.5921244538231865
342,171.0,0.171,444.7166820709888,43.830235431912186,162,74,2.745164704141906,0.592300478809624
343,171.5,0.1715,444.7340521358557,43.84228572086317,162,74,2.74527192676454,0.5924633205522049
344,172.0,0.172,444.7511343965316,43.860585274773996,162,74,2.745377372818095,0.5927106118212702
345,172.5,0.1725,444.76940165390977,43.88462712078434,162,74,2.7454901336661104,0.5930355016322207
346,173.0,0.173,444.78582650418514,43.904847536996016,162,74,2.7455915216307716,0.593308750499946
347,173.5,0.1735,444.8012581446707,43.91978460507106,162,74,2.7456867786708075,0.5935106027712306
348,174.0,0.174,444.81836202638925,43.92754055502062,162,73,2.745792358187587,0.6017471308906932
349,174.5,0.1745,444.82426273950585,43.935701316064005,162,73,2.7458287823426293,0.6018589221378632
350,175.0,0.175,444.8294701681054,43.94412108386693,162,72,2.7458609269636125,0.6103350150537074
351,175.5,0.1755,444.83310554150063,43.95157591788081,162,72,2.7458833675401255,0.6104385544150112
352,176.0,0.176,444.8359790407079,43.95399960710607,162,72,2.7459011051895534,0.610472216765362
353,176.5,0.1765,444.8341623506906,43.958961211354506,162,73,2.745889891053648,0.6021775508404725
354,177.0,0.177,444.82759880771755,43.960339685162715,162,73,2.7458493753562814,0.6021964340433246
355,177.5,0.1775,444.82180784413697,43.961692466643264,162,73,2.7458136286675114,0.6022149652964833
356,178.0,0.178,444.8073967602166,43.96203721843403,162,73,2.745724671359361,0.6022196879237537
357,178.5,0.1785,444.78937042098437,43.96703815607612,162,74,2.7456133976603976,0.5941491642712987
358,179.0,0.179,444.77443470795004,43.97964604254365,162,74,2.7455212019009254,0.5943195411154548
359,179.5,0.1795,444.7604532985455,43.99126006661631,162,74,2.7454348969046016,0.594476487386707
360,180.0,0.18,444.7389309034227,44.000253741477785,162,75,2.7453020426137202,0.5866700498863704
361,180.5,0.1805,444.71248584137396,44.00558944194943,162,75,2.7451388014899636,0.586741192559326
362,181.0,0.181,444.6896879534259,44.014170186997745,162,74,2.744998073786579,0.5947860836080775
363,181.5,0.1815,444.6703743806427,44.02554291129951,162,74,2.744878854201499,0.5949397690716152
364,182.0,0.182,444.6548138629353,44.037033720373685,162,74,2.744782801623058,0.5950950502753201
365,182.5,0.1825,444.64281821909117,44.049868666315234,162,74,2.7447087544388324,0.5952684954907465
366,183.0,0.183,444.6342323191116,44.06642416574758,162,73,2.7446557550562436,0.6036496461061316
367,183.5,0.1835,444.6168880319209,44.07790450782159,162,74,2.744548691555068,0.5956473582138053
368,184.0,0.184,444.58839894158154,44.07572321068685,162,74,2.744372832972726,0.5956178812254982
369,184.5,0.1845,444.5584167952351,44.0705609436678,162,75,2.744187757995277,0.5876074792489034
370,185.0,0.185,444.5313102008271,44.06819759274052,162,76,2.7440204333384384,0.5798447051676385
371,185.5,0.1855,444.5132779818204,44.0724551173882,162,76,2.7439091233445696,0.579900725228792
372,186.0,0.186,444.4873095440003,44.07874169865961,162,76,2.743748824345682,0.5799834434034159
373,186.5,0.1865,444.4540064259327,44.09384485039576,162,76,2.743543249542795,0.5801821690841545
374,187.0,0.187,444.4239131277333,44.108538037426136,162,76,2.7433574884427987,0.580375500492449
375,187.5,0.1875,444.3909797365444,44.12139405397309,162,76,2.743154195904593,0.5805446586049092
376,188.0,0.188,444.3622363138586,44.12647306310449,162,76,2.742976767369495,0.5806114876724277
377,188.5,0.1885,444.33663152422866,44.132218673197414,162,76,2.742818713112525,0.580687087805229
378,189.0,0.189,444.31159480856957,44.15020175886283,162,76,2.742664165484996,0.5809237073534584
379,189.5,0.1895,444.2884067757466,44.17161864490004,162,77,2.7425210294799194,0.573657384998702
380,190.0,0.19,444.26511335473907,44.19053114248321,162,77,2.7423772429304885,0.5739030018504315
381,190.5,0.1905,444.24580626172946,44.2106645001442,162,77,2.7422580633440092,0.5741644740278469
382,191.0,0.191,444.23109300675713,44.23108606820151,162,77,2.7421672407824507,0.5744296891974223
383,191.5,0.1915,444.2205571752111,44.25002417800454,162,77,2.7421022047852555,0.5746756386753832
384,192.0,0.192,444.2069476718399,44.26238948423994,162,77,2.742018195505183,0.5748362270680515
385,192.5,0.1925,444.1950949573984,44.28088569861917,162,77,2.7419450306012245,0.5750764376444049
386,193.0,0.193,444.18178518025917,44.288848015040614,162,77,2.7418628714830824,0.5751798443511768
387,193.5,0.1935,444.1697392165111,44.29356102150011,162,77,2.7417885136821667,0.5752410522272743
388,194.0,0.194,444.15776435119204,44.29155160557272,162,78,2.741714594760445,0.5678404051996503
389,194.5,0.1945,444.14834174431513,44.286427052677766,162,78,2.7416564305204623,0.5677747058035613
390,195.0,0.195,444.13372509237837,44.2759424272087,162,77,2.74156620427394,0.5750122393143986
391,195.5,0.1955,444.11137298687794,44.26420829493788,162,77,2.7414282283140605,0.5748598479862063
392,196.0,0.196,444.09180041070414,44.25161347334706,162,77,2.741307409942618,0.5746962788746369
393,196.5,0.1965,444.0749144648393,44.23857009004497,162,77,2.741203175708885,0.574526884286298
394,197.0,0.197,444.0595240660925,44.22036423641195,162,77,2.7411081732474853,0.5742904446287264
395,197.5,0.1975,444.04239153263046,44.194906838505204,162,77,2.7410024168680898,0.5739598290714961
396,198.0,0.198,444.0223747218172,44.165866423483855,162,77,2.7408788563075133,0.5735826808244656
397,198.5,0.1985,444.0048360966762,44.13170663595958,162,77,2.7407705931893593,0.5731390472202544
398,199.0,0.199,443.98881797556095,44.09268819969259,162,77,2.7406717158985234,0.572632314281722
399,199.5,0.1995,443.97440139180486,44.055203438186275,162,78,2.7405827246407712,0.5648103004895676
400,200.0,0.2,443.96264965394647,44.02513862312729,162,78,2.740510183049052,0.5644248541426572
401,200.5,0.2005,443.9516235475942,44.00524448960638,162,78,2.7404421206641616,0.5641698011488
402,201.0,0.201,443.9373783385681,43.983795591752866,162,78,2.7403541872751096,0.5638948152788829
403,201.5,0.2015,443.92317682725275,43.96380001362694,162,78,2.7402665236250163,0.5636384617131659
404,202.0,0.202,443.9118200226104,43.945433328315886,162,78,2.740196419892658,0.5634029913886653
405,202.5,0.2025,443.90164260095656,43.93172993550813,162,79,2.7401335963022015,0.5560978472849126
406,203.0,0.203,443.8929590938899,43.92535535370037,162,79,2.740079994406728,0.5560171563759537
407,203.5,0.2035,443.88716747584647,43.93055058937056,162,79,2.7400442436780645,0.5560829188527917
408,204.0,0.204,443.88114510520614,43.93739855796653,162,78,2.7400070685506543,0.5632999815123915
409,204.5,0.2045,443.8669266520558,43.937913119729465,162,78,2.7399193003213314,0.56330657845807
410,205.0,0.205,443.85320803242286,43.93827523352444,162,78,2.7398346174840906,0.5633112209426211
411,205.5,0.2055,443.83679420665095,43.93916441665314,162,78,2.7397332975719184,0.5633226207263222
412,206.0,0.206,443.81028407996706,43.93472964227774,162,78,2.7395696548146122,0.5632657646445863
413,206.5,0.2065,443.78310316184644,43.93045969834744,162,79,2.7394018713694237,0.5560817683335116
414,207.0,0.207,443.75911408637694,43.926375832256674,162,79,2.7392537906566474,0.5560300738260339
415,207.5,0.2075,443.7359316116102,43.92416997761834,162,79,2.7391106889605563,0.556002151615422
416,208.0,0.208,443.71166226502356,43.92421663281878,162,79,2.7389608781791557,0.5560027421875794
417,208.5,0.2085,443.69080366044943,43.93063971417399,162,79,2.7388321213607996,0.5560840470148608
418,209.0,0.209,443.67212996033595,43.93554201226458,162,79,2.738716851607013,0.5561461014210706
419,209.5,0.2095,443.6529550179357,43.940196813108464,162,79,2.738598487765035,0.55620502295074
420,210.0,0.21,443.63719624797403,43.945122201581825,162,79,2.7385012114072467,0.5562673696402765
421,210.5,0.2105,443.6226894568459,43.94630591564222,162,79,2.7384116633138618,0.5562823533625599
422,211.0,0.211,443.6082417337624,43.947904213348366,162,78,2.73832247983804,0.5634346694019022
423,211.5,0.2115,443.5929940733995,43.95420031000144,162,78,2.7382283584777753,0.563515388589762
424,212.0,0.212,443.58132772577954,43.96974546121029,162,77,2.7381563439862946,0.5710356553403936
425,212.5,0.2125,443.5774751764232,43.99506042699629,162,77,2.7381325628174276,0.5713644211298219
426,213.0,0.213,443.5528416627995,44.00107991489465,162,77,2.737980504091355,0.571442596297333
427,213.5,0.2135,443.51226005036483,43.98748750772745,162,77,2.7377300003108935,0.5712660715289279
428,214.0,0.214,443.4738412900243,43.97152325598045,162,77,2.737492847469286,0.5710587435841616
429,214.5,0.2145,443.43158435631256,43.954153354193814,162,77,2.7372320021994594,0.5708331604440757
430,215.0,0.215,443.39178076393125,43.94453973839924,162,77,2.7369863010119215,0.5707083082908991
431,215.5,0.2155,443.3554108890068,43.94576273282368,162,78,2.736761795611152,0.5634072145233808
432,216.0,0.216,443.32255127525923,43.96314643055548,162,78,2.7365589584892547,0.5636300824430189
433,216.5,0.2165,443.2918147572281,43.98459214571698,162,78,2.7363692268964703,0.5639050275091922
434,217.0,0.217,443.2630205883467,44.00665693290847,162,78,2.736191485113251,0.5641879093962626
435,217.5,0.2175,443.2322795373648,44.028570901908054,162,78,2.736001725539288,0.5644688577167699
436,218.0,0.218,443.1956618432966,44.04661835975164,162,78,2.7357756903907196,0.5647002353814313
437,218.5,0.2185,443.1608543857613,44.06786550123634,162,77,2.7355608295417353,0.5723099415744979
438,219.0,0.219,443.1279340968117,44.09252700385593,162,76,2.735357617881552,0.5801648289981043
439,219.5,0.2195,443.098546861452,44.11944308244413,162,76,2.735176215194149,0.5805189879268964
440,220.0,0.22,443.07196203822286,44.14256467131806,162,76,2.7350121113470554,0.5808232193594481
441,220.5,0.2205,443.04357916922214,44.16257089493143,162,76,2.734836908451989,0.5810864591438349
442,221.0,0.221,443.01618626636014,44.18219678506462,162,76,2.7346678164590124,0.5813446945403239
443,221.5,0.2215,442.9853470425671,44.20245960981087,162,76,2.7344774508800445,0.5816113106554063
444,222.0,0.222,442.94256771891884,44.20990930330872,162,76,2.7342133809809797,0.5817093329382726
445,222.5,0.2225,442.8984053234415,44.221760863393826,162,76,2.733940773601491,0.5818652745183396
446,223.0,0.223,442.85749744083944,44.24557417573473,162,77,2.7336882558076527,0.5746178464381132
447,223.5,0.2235,442.81464000205693,44.26243778386517,162,77,2.7334237037164,0.5748368543359113
448,224.0,0.224,442.7751371010763,44.271990896205665,162,77,2.733179858648619,0.5749609207299436
449,224.5,0.2245,442.7398918923135,44.28585112559118,162,77,2.7329622956315656,0.5751409237089764
450,225.0,0.225,442.6966541620583,44.2880405011139,162,77,2.7326953960620894,0.5751693571573233
451,225.5,0.2255,442.6559814420666,44.290631986140056,162,77,2.732444329889301,0.5752030128070137
452,226.0,0.226,442.62117698270407,44.29362810755392,162,77,2.7322294875475555,0.5752419234747262
453,226.5,0.2265,442.5921944471906,44.30266575565811,162,77,2.7320505830073487,0.5753592955280274
454,227.0,0.227,442.5690106489448,44.32228436426625,162,77,2.731907473141633,0.5756140826528086
455,227.5,0.2275,442.5483269101977,44.328464750562425,162,76,2.7317797957419607,0.5832692730337163
456,228.0,0.228,442.5271895810328,44.335874114341564,162,76,2.731649318401436,0.5833667646623888
457,228.5,0.2285,442.507280135595,44.345643965785584,162,76,2.731526420590092,0.583495315339284
458,229.0,0.229,442.4892689092763,44.3581872192233,162,76,2.7314152401807172,0.5836603581476755
459,229.5,0.2295,442.4742821445019,44.37827743761191,162,77,2.7313227292870486,0.5763412654235315
460,230.0,0.23,442.46180924595643,44.400316039835324,162,77,2.7312457360861497,0.5766274810368224
461,230.5,0.2305,442.441405426778,44.42219276415735,162,78,2.7311197865850487,0.569515291848171
462,231.0,0.231,442.4188000493372,44.439330408091074,162,78,2.730980247218131,0.5697350052319368
463,231.5,0.2315,442.3921847400267,44.455088683600415,162,78,2.730815955185351,0.5699370344051335
464,232.0,0.232,442.3663379566405,44.47022836684706,162,78,2.7306564071397563,0.5701311329082959
465,232.5,0.2325,442.33375233265656,44.47494820421422,162,78,2.730455261312697,0.5701916436437724
466,233.0,0.233,442.29609456945894,44.475360220830844,162,78,2.730222805984313,0.5701969259080876
467,233.5,0.2335,442.2591365317124,44.47734077714841,162,77,2.7299946699488427,0.5776278023006288
468,234.0,0.234,442.221091869717,44.483882510262404,162,77,2.729759826356278,0.5777127598735378
469,234.5,0.2345,442.18187204273465,44.491335714196836,162,77,2.729517728658855,0.577809554729829
470,235.0,0.235,442.14283816218085,44.49412118873994,162,77,2.7292767787788956,0.5778457297238954
471,235.5,0.2355,442.1014875624119,44.49334609002792,162,77,2.7290215281630372,0.5778356635068561
472,236.0,0.236,442.0618704219479,44.49196362343919,162,77,2.7287769779132596,0.577817709395314
473,236.5,0.2365,442.0241494936531,44.49003617937648,162,77,2.728544132676871,0.5777926776542399
474,237.0,0.237,441.9884292916678,44.4904764556142,162,77,2.7283236376028874,0.5777983955274572
475,237.5,0.2375,441.9548175402585,44.50250363715233,162,76,2.7281161576559168,0.5855592583835832
476,238.0,0.238,441.9234082916323,44.51827010261993,162,76,2.727922273405139,0.5857667118765781
477,238.5,0.2385,441.8932935696933,44.53394805472971,162,76,2.7277363800598344,0.5859730007201276
478,239.0,0.239,441.8484814927025,44.549838475229535,162,76,2.7274597623006342,0.5861820852003885
479,239.5,0.2395,441.8024968034658,44.56680041798624,162,75,2.7271759061942302,0.5942240055731498
480,240.0,0.24,441.7554942584462,44.580782407147225,162,75,2.726885767027445,0.5944104320952966
481,240.5,0.2405,441.7103947656064,44.58682305011588,162,75,2.7266073750963353,0.594490974001545
482,241.0,0.241,441.6665153223729,44.59302117938332,162,75,2.7263365143356344,0.5945736157251112
483,241.5,0.2415,441.6193466027038,44.59733630761135,162,75,2.726045349399407,0.5946311507681512
484,242.0,0.242,441.5755460255376,44.602517872743995,162,76,2.725774975466281,0.586875235167684
485,242.5,0.2425,441.5352436115984,44.608531920223825,162,76,2.725526195133323,0.5869543673713663
486,243.0,0.243,441.49854940798497,44.61573447027985,162,76,2.7252996877036093,0.58704913776684
487,243.5,0.2435,441.46422454959077,44.62362332154167,162,77,2.7250878058616705,0.5795275756044371
488,244.0,0.244,441.4287145281568,44.62788479133553,162,77,2.724868608198498,0.5795829193679938
489,244.5,0.2445,441.39226060302894,44.63292396615573,162,77,2.724643583969316,0.5796483631968273
490,245.0,0.245,441.35637942168125,44.64334720146411,162,77,2.724422095195564,0.5797837298891442
491,245.5,0.2455,441.3247792390449,44.66234386575859,162,78,2.724227032339782,0.5725941521251099
492,246.0,0.246,441.29757327635053,44.68858041538753,162,78,2.724059094298461,0.5729305181459939
493,246.5,0.2465,441.27034900729564,44.70940240191984,162,78,2.7238910432549126,0.5731974666912801
494,247.0,0.247,441.24423642801713,44.73172350620734,162,78,2.723729854493932,0.5734836346949663
495,247.5,0.2475,441.2217839036729,44.75514568483487,162,78,2.7235912586646482,0.5737839190363447
496,248.0,0.248,441.2008223329314,44.77688223404764,162,78,2.7234618662526646,0.5740625927442004
497,248.5,0.2485,441.1845051235346,44.797693306490956,162,78,2.723361142737867,0.5743294013652689
498,249.0,0.249,441.17061455757135,44.817087592611685,162,78,2.7232753985035254,0.5745780460591243
499,249.5,0.2495,441.15990014418094,44.844140282734486,162,78,2.7232092601492646,0.574924875419673
500,250.0,0.25,441.15450591170634,44.87317287935824,162,78,2.7231759624179404,0.5752970881969007
