frame,step,time_fs,(H2O)2,*OH,H*,H2,H2O,H2O2,H3O+,H3O2-,HO2*,O*,O2
0,0,0.0,0,10,29,5,89,0,0,0,0,1,1
1,1,0.5,0,10,29,5,89,0,0,0,0,1,1
2,2,1.0,0,10,28,5,89,0,0,0,0,1,1
3,3,1.5,0,10,27,5,89,0,0,0,0,1,1
4,4,2.0,0,10,26,5,89,0,0,0,0,1,1
5,5,2.5,0,10,26,5,89,0,0,0,0,1,1
6,6,3.0,0,10,24,5,89,0,0,0,0,1,1
7,7,3.5,0,10,24,5,89,0,0,0,0,1,1
8,8,4.0,0,10,28,5,89,0,0,0,0,1,1
9,9,4.5,0,10,29,5,89,0,0,0,0,1,1
10,10,5.0,0,10,27,6,89,0,0,0,0,1,1
11,11,5.5,0,10,27,6,89,0,0,0,0,1,1
12,12,6.0,0,10,27,6,89,0,0,0,0,1,1
13,13,6.5,0,10,26,6,88,0,1,0,0,1,1
14,14,7.0,0,10,22,7,89,0,0,0,0,1,1
15,15,7.5,0,10,22,7,89,0,0,0,0,1,1
16,16,8.0,0,10,21,7,89,0,0,0,0,1,1
17,17,8.5,0,10,24,6,89,0,0,0,0,1,1
18,18,9.0,0,9,24,6,90,0,0,0,0,1,1
19,19,9.5,0,9,24,6,90,0,0,0,0,1,1
20,20,10.0,0,9,25,6,90,0,0,0,0,1,1
21,21,10.5,0,9,24,6,90,0,0,0,0,1,1
22,22,11.0,0,9,25,6,90,0,0,0,0,1,1
23,23,11.5,0,10,26,6,89,0,0,0,0,1,1
24,24,12.0,0,10,25,6,89,0,0,0,0,1,1
25,25,12.5,0,10,25,6,89,0,0,0,0,1,1
26,26,13.0,0,10,25,5,89,0,0,0,0,1,1
27,27,13.5,0,10,25,5,89,0,0,0,0,1,1
28,28,14.0,0,11,26,5,88,0,0,0,0,1,1
29,29,14.5,0,11,25,5,88,0,0,0,0,1,1
30,30,15.0,0,11,26,5,88,0,0,0,0,1,1
31,31,15.5,0,10,25,5,89,0,0,0,0,1,1
32,32,16.0,0,10,28,5,89,0,0,0,0,1,1
33,33,16.5,0,10,28,5,89,0,0,0,0,1,1
34,34,17.0,0,10,28,5,89,0,0,0,0,1,1
35,35,17.5,0,10,22,6,88,0,1,0,0,1,1
36,36,18.0,0,10,22,6,88,0,1,0,0,1,1
37,37,18.5,0,10,22,6,88,0,1,0,0,1,1
38,38,19.0,0,10,19,6,88,0,1,0,0,1,1
39,39,19.5,0,10,19,6,88,0,1,0,0,1,1
40,40,20.0,0,10,20,6,88,0,1,0,0,1,1
41,41,20.5,0,10,18,7,88,0,1,0,0,1,1
42,42,21.0,0,9,22,6,89,0,1,0,0,1,1
43,43,21.5,0,9,23,6,89,0,1,0,0,1,1
44,44,22.0,0,9,23,6,89,0,1,0,0,1,1
45,45,22.5,0,9,24,6,90,0,0,0,0,1,1
46,46,23.0,0,10,26,6,89,0,0,0,0,1,1
47,47,23.5,0,10,28,5,89,0,0,0,0,1,1
48,48,24.0,0,10,25,6,89,0,0,0,0,1,1
49,49,24.5,0,9,24,6,90,0,0,0,0,1,1
50,50,25.0,0,9,24,6,90,0,0,0,0,1,1
51,51,25.5,0,10,26,6,89,0,0,0,0,1,1
52,52,26.0,0,10,26,6,89,0,0,0,0,1,1
53,53,26.5,0,10,27,6,89,0,0,0,0,1,1
54,54,27.0,0,10,27,6,89,0,0,0,0,1,1
55,55,27.5,0,10,27,6,89,0,0,0,0,1,1
56,56,28.0,0,10,27,6,89,0,0,0,0,1,1
57,57,28.5,0,9,26,6,90,0,0,0,0,1,1
58,58,29.0,0,9,25,6,90,0,0,0,0,1,1
59,59,29.5,0,9,23,6,90,0,0,0,0,1,1
60,60,30.0,0,9,24,5,90,0,0,0,0,1,1
61,61,30.5,0,9,24,5,90,0,0,0,0,1,1
62,62,31.0,0,10,23,6,89,0,0,0,0,1,1
63,63,31.5,0,10,23,6,89,0,0,0,0,1,1
64,64,32.0,0,10,22,7,89,0,0,0,0,1,1
65,65,32.5,0,10,22,7,89,0,0,0,0,1,1
66,66,33.0,0,10,24,7,89,0,0,0,0,1,1
67,67,33.5,0,10,23,7,89,0,0,0,0,1,1
68,68,34.0,0,11,24,7,88,0,0,0,0,1,1
69,69,34.5,0,10,27,6,88,0,0,0,0,2,1
70,70,35.0,0,10,26,6,88,0,0,0,0,2,1
71,71,35.5,0,10,21,7,88,0,0,0,0,2,1
72,72,36.0,0,10,21,7,88,0,0,0,0,2,1
73,73,36.5,0,10,20,8,88,0,0,0,0,2,1
74,74,37.0,0,10,20,8,88,0,0,0,0,2,1
75,75,37.5,0,10,20,8,87,0,1,0,0,2,1
76,76,38.0,0,10,22,8,88,0,0,0,0,2,1
77,77,38.5,0,9,26,6,89,0,0,0,0,2,1
78,78,39.0,0,9,24,6,89,0,0,0,0,2,1
79,79,39.5,0,10,23,5,89,0,0,0,0,1,1
80,80,40.0,0,10,23,5,89,0,0,0,0,1,1
81,81,40.5,0,9,22,6,90,0,0,0,0,1,1
82,82,41.0,0,9,22,6,90,0,0,0,0,1,1
83,83,41.5,0,9,20,7,90,0,0,0,0,1,1
84,84,42.0,0,10,20,7,89,0,0,0,0,1,1
85,85,42.5,0,9,17,8,90,0,0,0,0,1,1
86,86,43.0,0,9,17,8,90,0,0,0,0,1,1
87,87,43.5,0,9,17,8,90,0,0,0,0,1,1
88,88,44.0,0,9,19,8,90,0,0,0,0,1,1
89,89,44.5,0,9,20,8,90,0,0,0,0,1,1
90,90,45.0,0,10,24,7,89,0,0,0,0,1,1
91,91,45.5,0,9,22,7,90,0,0,0,0,1,1
92,92,46.0,0,9,23,6,90,0,0,0,0,1,1
93,93,46.5,0,10,23,6,89,0,0,0,0,1,1
94,94,47.0,0,10,24,5,89,0,0,0,0,1,1
95,95,47.5,0,10,25,5,89,0,0,0,0,1,1
96,96,48.0,0,10,25,5,89,0,0,0,0,1,1
97,97,48.5,0,10,22,6,89,0,0,0,0,1,1
98,98,49.0,0,11,24,6,88,0,0,0,0,1,1
99,99,49.5,0,10,26,6,89,0,0,0,0,1,1
100,100,50.0,0,9,24,6,90,0,0,0,0,1,1
101,101,50.5,0,8,21,6,91,0,0,0,0,1,1
102,102,51.0,0,8,19,6,91,0,0,0,0,1,1
103,103,51.5,0,9,19,7,90,0,0,0,0,1,1
104,104,52.0,0,9,17,8,90,0,0,0,0,1,1
105,105,52.5,0,9,18,8,90,0,0,0,0,1,1
106,106,53.0,0,9,15,8,90,0,0,0,0,1,1
107,107,53.5,0,9,15,8,90,0,0,0,0,1,1
108,108,54.0,0,9,15,8,89,0,1,0,0,1,1
109,109,54.5,0,9,16,8,89,0,1,0,0,1,1
110,110,55.0,0,9,18,7,89,0,1,0,0,1,1
111,111,55.5,0,9,23,5,89,0,1,0,0,1,1
112,112,56.0,0,9,21,6,89,0,1,0,0,1,1
113,113,56.5,0,9,23,6,90,0,0,0,0,1,1
114,114,57.0,0,9,23,6,90,0,0,0,0,1,1
115,115,57.5,0,9,22,6,90,0,0,0,0,1,1
116,116,58.0,0,9,23,6,90,0,0,0,0,1,1
117,117,58.5,0,10,21,7,89,0,0,0,0,1,1
118,118,59.0,0,11,23,7,88,0,0,0,0,1,1
119,119,59.5,0,12,24,7,87,0,0,0,0,1,1
120,120,60.0,0,11,25,7,88,0,0,0,0,1,1
121,121,60.5,0,10,24,7,89,0,0,0,0,1,1
122,122,61.0,0,10,22,8,89,0,0,0,0,1,1
123,123,61.5,0,9,16,9,90,0,0,0,0,1,1
124,124,62.0,0,10,18,8,89,0,0,0,0,1,1
125,125,62.5,0,10,19,8,89,0,0,0,0,1,1
126,126,63.0,0,10,20,8,89,0,0,0,0,1,1
127,127,63.5,0,9,20,8,90,0,0,0,0,1,1
128,128,64.0,0,9,19,8,90,0,0,0,0,1,1
129,129,64.5,0,10,21,7,89,0,0,0,0,1,1
130,130,65.0,0,9,20,7,90,0,0,0,0,1,1
131,131,65.5,0,9,21,6,90,0,0,0,0,1,1
132,132,66.0,0,9,20,6,90,0,0,0,0,1,1
133,133,66.5,0,9,21,6,90,0,0,0,0,1,1
134,134,67.0,0,7,22,6,91,0,0,0,0,2,1
135,135,67.5,0,7,22,6,91,0,0,0,0,2,1
136,136,68.0,0,7,22,6,91,0,0,0,0,2,1
137,137,68.5,0,7,20,6,91,0,0,0,0,2,1
138,138,69.0,0,9,24,6,89,0,0,0,0,2,1
139,139,69.5,0,9,24,6,89,0,0,0,0,2,1
140,140,70.0,0,9,23,6,89,0,0,0,0,2,1
141,141,70.5,0,9,21,7,89,0,0,0,0,2,1
142,142,71.0,0,10,22,7,88,0,0,0,0,2,1
143,143,71.5,0,9,21,8,89,0,0,0,0,2,1
144,144,72.0,0,10,18,9,89,0,0,0,0,1,1
145,145,72.5,0,10,17,9,89,0,0,0,0,1,1
146,146,73.0,0,10,16,9,89,0,0,0,0,1,1
147,147,73.5,0,10,17,9,89,0,0,0,0,1,1
148,148,74.0,0,9,16,9,90,0,0,0,0,1,1
149,149,74.5,0,9,19,8,90,0,0,0,0,1,1
150,150,75.0,0,9,19,7,90,0,0,0,0,1,1
151,151,75.5,0,9,21,6,90,0,0,0,0,1,1
152,152,76.0,0,9,19,6,89,0,1,0,0,1,1
153,153,76.5,0,9,21,6,89,0,1,0,0,1,1
154,154,77.0,0,9,20,6,89,0,1,0,0,1,1
155,155,77.5,0,9,21,6,89,0,1,0,0,1,1
156,156,78.0,0,7,21,6,90,0,1,0,0,2,1
157,157,78.5,0,7,22,6,90,0,1,0,0,2,1
158,158,79.0,0,7,22,6,91,0,0,0,0,2,1
159,159,79.5,0,7,21,6,91,0,0,0,0,2,1
160,160,80.0,0,7,20,7,91,0,0,0,0,2,1
161,161,80.5,0,7,20,7,91,0,0,0,0,2,1
162,162,81.0,0,7,18,8,91,0,0,0,0,2,1
163,163,81.5,0,7,17,8,91,0,0,0,0,2,1
164,164,82.0,0,8,17,8,90,0,0,0,0,2,1
165,165,82.5,0,8,17,9,90,0,0,0,0,2,1
166,166,83.0,0,9,15,9,90,0,0,0,0,1,1
167,167,83.5,0,10,16,9,89,0,0,0,0,1,1
168,168,84.0,0,10,18,8,89,0,0,0,0,1,1
169,169,84.5,0,10,20,7,89,0,0,0,0,1,1
170,170,85.0,0,10,20,7,89,0,0,0,0,1,1
171,171,85.5,0,10,20,7,89,0,0,0,0,1,1
172,172,86.0,0,10,21,6,89,0,0,0,0,1,1
173,173,86.5,0,9,20,6,90,0,0,0,0,1,1
174,174,87.0,0,9,21,6,90,0,0,0,0,1,1
175,175,87.5,0,9,20,6,90,0,0,0,0,1,1
176,176,88.0,0,9,19,6,90,0,0,0,0,1,1
177,177,88.5,0,7,19,6,91,0,0,0,0,2,1
178,178,89.0,0,7,20,6,91,0,0,0,0,2,1
179,179,89.5,0,7,19,7,91,0,0,0,0,2,1
180,180,90.0,0,7,19,7,91,0,0,0,0,2,1
181,181,90.5,0,7,19,8,91,0,0,0,0,2,1
182,182,91.0,0,7,19,8,91,0,0,0,0,2,1
183,183,91.5,0,7,20,8,91,0,0,0,0,2,1
184,184,92.0,0,7,20,8,91,0,0,0,0,2,1
185,185,92.5,0,8,19,8,90,0,0,0,0,2,1
186,186,93.0,0,8,20,8,90,0,0,0,0,2,1
187,187,93.5,0,9,19,8,90,0,0,0,0,1,1
188,188,94.0,0,9,20,7,90,0,0,0,0,1,1
189,189,94.5,0,10,23,7,89,0,0,0,0,1,1
190,190,95.0,0,10,23,7,89,0,0,0,0,1,1
191,191,95.5,0,9,20,7,90,0,0,0,0,1,1
192,192,96.0,0,9,20,7,90,0,0,0,0,1,1
193,193,96.5,0,9,20,6,90,0,0,0,0,1,1
194,194,97.0,0,8,19,6,91,0,0,0,0,1,1
195,195,97.5,0,8,16,7,91,0,0,0,0,1,1
196,196,98.0,0,8,15,7,91,0,0,0,0,1,1
197,197,98.5,0,8,15,7,91,0,0,0,0,1,1
198,198,99.0,0,7,13,7,92,0,0,0,0,1,1
199,199,99.5,0,6,12,8,92,0,0,0,0,2,1
200,200,100.0,0,6,13,8,92,0,0,0,0,2,1
201,201,100.5,0,6,13,8,92,0,0,0,0,2,1
202,202,101.0,0,6,13,8,92,0,0,0,0,2,1
203,203,101.5,0,6,17,7,92,0,0,0,0,2,1
204,204,102.0,0,6,17,7,92,0,0,0,0,2,1
205,205,102.5,0,6,17,7,92,0,0,0,0,2,1
206,206,103.0,0,7,19,7,91,0,0,0,0,2,1
207,207,103.5,0,7,19,7,91,0,0,0,0,2,1
208,208,104.0,0,8,18,7,91,0,0,0,0,1,1
209,209,104.5,0,8,19,7,91,0,0,0,0,1,1
210,210,105.0,0,9,21,7,90,0,0,0,0,1,1
211,211,105.5,0,9,22,7,90,0,0,0,0,1,1
212,212,106.0,0,9,22,7,90,0,0,0,0,1,1
213,213,106.5,0,10,21,8,89,0,0,0,0,1,1
214,214,107.0,0,10,23,7,89,0,0,0,0,1,1
215,215,107.5,0,9,21,7,90,0,0,0,0,1,1
216,216,108.0,0,9,20,7,90,0,0,0,0,1,1
217,217,108.5,0,9,20,7,90,0,0,0,0,1,1
218,218,109.0,0,8,16,8,91,0,0,0,0,1,1
219,219,109.5,0,7,14,8,92,0,0,0,0,1,1
220,220,110.0,0,8,14,8,91,0,0,0,0,1,1
221,221,110.5,0,8,16,7,91,0,0,0,0,1,1
222,222,111.0,0,8,16,7,91,0,0,0,0,1,1
223,223,111.5,0,8,16,7,91,0,0,0,0,1,1
224,224,112.0,0,8,16,7,91,0,0,0,0,1,1
225,225,112.5,0,8,16,7,91,0,0,0,0,1,1
226,226,113.0,0,8,17,7,91,0,0,0,0,1,1
227,227,113.5,0,10,20,7,89,0,0,0,0,1,1
228,228,114.0,0,9,21,7,90,0,0,0,0,1,1
229,229,114.5,0,8,19,7,91,0,0,0,0,1,1
230,230,115.0,0,8,18,7,91,0,0,0,0,1,1
231,231,115.5,0,9,17,8,90,0,0,0,0,1,1
232,232,116.0,0,9,18,8,90,0,0,0,0,1,1
233,233,116.5,0,9,22,7,90,0,0,0,0,1,1
234,234,117.0,0,9,22,7,90,0,0,0,0,1,1
235,235,117.5,0,9,22,7,90,0,0,0,0,1,1
236,236,118.0,0,8,18,8,91,0,0,0,0,1,1
237,237,118.5,0,8,16,8,91,0,0,0,0,1,1
238,238,119.0,0,8,15,8,91,0,0,0,0,1,1
239,239,119.5,0,8,17,7,91,0,0,0,0,1,1
240,240,120.0,0,7,14,7,92,0,0,0,0,1,1
241,241,120.5,0,8,14,7,91,0,0,0,0,1,1
242,242,121.0,0,8,14,7,91,0,0,0,0,1,1
243,243,121.5,0,7,15,7,91,0,0,0,0,2,1
244,244,122.0,0,7,18,6,91,0,0,0,0,2,1
245,245,122.5,0,7,18,6,91,0,0,0,0,2,1
246,246,123.0,0,6,14,7,92,0,0,0,0,2,1
247,247,123.5,0,6,14,7,92,0,0,0,0,2,1
248,248,124.0,0,6,14,8,92,0,0,0,0,2,1
249,249,124.5,0,7,15,8,91,0,0,0,0,2,1
250,250,125.0,0,8,16,8,91,0,0,0,0,1,1
251,251,125.5,0,8,16,8,91,0,0,0,0,1,1
252,252,126.0,0,9,18,8,90,0,0,0,0,1,1
253,253,126.5,0,9,21,7,90,0,0,0,0,1,1
254,254,127.0,0,9,20,7,90,0,0,0,0,1,1
255,255,127.5,0,9,21,8,90,0,0,0,0,1,1
256,256,128.0,0,9,24,7,90,0,0,0,0,1,1
257,257,128.5,0,9,25,7,90,0,0,0,0,1,1
258,258,129.0,0,8,21,7,91,0,0,0,0,1,1
259,259,129.5,0,8,19,7,91,0,0,0,0,1,1
260,260,130.0,0,8,20,7,91,0,0,0,0,1,1
261,261,130.5,0,7,18,7,92,0,0,0,0,1,1
262,262,131.0,0,6,20,6,92,0,0,0,0,2,1
263,263,131.5,0,6,20,6,92,0,0,0,0,2,1
264,264,132.0,0,6,19,6,92,0,0,0,0,2,1
265,265,132.5,0,6,14,8,92,0,0,0,0,2,1
266,266,133.0,0,6,13,8,92,0,0,0,0,2,1
267,267,133.5,0,6,13,8,92,0,0,0,0,2,1
268,268,134.0,0,6,13,8,92,0,0,0,0,2,1
269,269,134.5,0,6,14,8,92,0,0,0,0,2,1
270,270,135.0,0,7,15,8,91,0,0,0,0,2,1
271,271,135.5,0,8,14,8,91,0,0,0,0,1,1
272,272,136.0,0,8,16,7,91,0,0,0,0,1,1
273,273,136.5,0,8,18,7,91,0,0,0,0,1,1
274,274,137.0,0,9,20,7,90,0,0,0,0,1,1
275,275,137.5,0,9,20,7,90,0,0,0,0,1,1
276,276,138.0,0,9,17,7,90,0,0,0,0,1,1
277,277,138.5,0,9,18,7,90,0,0,0,0,1,1
278,278,139.0,0,9,19,7,90,0,0,0,0,1,1
279,279,139.5,0,9,18,7,90,0,0,0,0,1,1
280,280,140.0,0,9,20,7,90,0,0,0,0,1,1
281,281,140.5,0,9,24,6,90,0,0,0,0,1,1
282,282,141.0,0,8,22,6,91,0,0,0,0,1,1
283,283,141.5,0,6,18,7,92,0,0,0,0,2,1
284,284,142.0,0,6,15,8,92,0,0,0,0,2,1
285,285,142.5,0,6,17,8,92,0,0,0,0,2,1
286,286,143.0,0,6,16,8,92,0,0,0,0,2,1
287,287,143.5,0,6,16,8,92,0,0,0,0,2,1
288,288,144.0,0,6,16,8,92,0,0,0,0,2,1
289,289,144.5,0,6,15,8,92,0,0,0,0,2,1
290,290,145.0,0,6,16,8,92,0,0,0,0,2,1
291,291,145.5,0,8,17,7,91,0,0,0,0,1,1
292,292,146.0,0,8,16,7,91,0,0,0,0,1,1
293,293,146.5,0,8,16,7,91,0,0,0,0,1,1
294,294,147.0,0,8,17,7,91,0,0,0,0,1,1
295,295,147.5,0,8,18,7,91,0,0,0,0,1,1
296,296,148.0,0,9,19,7,90,0,0,0,0,1,1
297,297,148.5,0,9,20,7,90,0,0,0,0,1,1
298,298,149.0,0,9,19,7,90,0,0,0,0,1,1
299,299,149.5,0,8,24,6,90,0,0,0,0,2,1
300,300,150.0,0,9,20,7,90,0,0,0,0,1,1
301,301,150.5,0,9,20,7,90,0,0,0,0,1,1
302,302,151.0,0,9,22,7,90,0,0,0,0,1,1
303,303,151.5,0,8,19,8,91,0,0,0,0,1,1
304,304,152.0,0,7,19,8,91,0,0,0,0,2,1
305,305,152.5,0,6,18,8,92,0,0,0,0,2,1
306,306,153.0,0,6,16,8,92,0,0,0,0,2,1
307,307,153.5,0,6,15,8,92,0,0,0,0,2,1
308,308,154.0,0,6,17,7,92,0,0,0,0,2,1
309,309,154.5,0,6,14,8,92,0,0,0,0,2,1
310,310,155.0,0,6,13,8,92,0,0,0,0,2,1
311,311,155.5,0,6,15,7,92,0,0,0,0,2,1
312,312,156.0,0,7,15,7,92,0,0,0,0,1,1
313,313,156.5,0,8,15,7,91,0,0,0,0,1,1
314,314,157.0,0,8,17,7,91,0,0,0,0,1,1
315,315,157.5,0,8,17,7,91,0,0,0,0,1,1
316,316,158.0,0,9,18,7,90,0,0,0,0,1,1
317,317,158.5,0,9,19,6,90,0,0,0,0,1,1
318,318,159.0,0,9,17,7,90,0,0,0,0,1,1
319,319,159.5,0,9,17,7,90,0,0,0,0,1,1
320,320,160.0,0,9,17,7,90,0,0,0,0,1,1
321,321,160.5,0,8,17,7,91,0,0,0,0,1,1
322,322,161.0,0,9,16,8,90,0,0,0,0,1,1
323,323,161.5,0,9,17,8,90,0,0,0,0,1,1
324,324,162.0,0,8,18,8,90,0,0,0,0,2,1
325,325,162.5,0,7,18,8,91,0,0,0,0,2,1
326,326,163.0,0,7,19,8,91,0,0,0,0,2,1
327,327,163.5,0,7,16,8,91,0,0,0,0,2,1
328,328,164.0,0,7,16,8,91,0,0,0,0,2,1
329,329,164.5,0,6,17,7,92,0,0,0,0,2,1
330,330,165.0,0,6,17,7,92,0,0,0,0,2,1
331,331,165.5,0,6,17,7,91,0,1,0,0,2,1
332,332,166.0,0,7,15,7,91,0,1,0,0,1,1
333,333,166.5,0,7,15,7,91,0,1,0,0,1,1
334,334,167.0,0,7,17,6,91,0,1,0,0,1,1
335,335,167.5,0,7,16,7,92,0,0,0,0,1,1
336,336,168.0,0,7,16,7,92,0,0,0,0,1,1
337,337,168.5,0,7,16,7,92,0,0,0,0,1,1
338,338,169.0,0,7,16,7,92,0,0,0,0,1,1
339,339,169.5,0,8,17,7,91,0,0,0,0,1,1
340,340,170.0,0,8,17,7,91,0,0,0,0,1,1
341,341,170.5,0,8,15,8,91,0,0,0,0,1,1
342,342,171.0,0,9,17,8,90,0,0,0,0,1,1
343,343,171.5,0,8,19,7,91,0,0,0,0,1,1
344,344,172.0,0,8,15,8,91,0,0,0,0,1,1
345,345,172.5,0,7,17,8,91,0,0,0,0,2,1
346,346,173.0,0,7,19,8,91,0,0,0,0,2,1
347,347,173.5,0,7,19,8,91,0,0,0,0,2,1
348,348,174.0,0,7,21,7,91,0,0,0,0,2,1
349,349,174.5,0,7,20,7,91,0,0,0,0,2,1
350,350,175.0,0,7,18,7,91,0,0,0,0,2,1
351,351,175.5,0,6,15,7,92,0,0,0,0,2,1
352,352,176.0,0,7,15,7,92,0,0,0,0,1,1
353,353,176.5,0,7,15,7,92,0,0,0,0,1,1
354,354,177.0,0,7,14,7,92,0,0,0,0,1,1
355,355,177.5,0,7,16,7,92,0,0,0,0,1,1
356,356,178.0,0,7,15,7,91,0,1,0,0,1,1
357,357,178.5,0,7,15,7,91,0,1,0,0,1,1
358,358,179.0,0,8,16,7,90,0,1,0,0,1,1
359,359,179.5,0,8,17,7,91,0,0,0,0,1,1
360,360,180.0,0,8,16,7,91,0,0,0,0,1,1
361,361,180.5,0,8,13,8,91,0,0,0,0,1,1
362,362,181.0,0,8,13,8,91,0,0,0,0,1,1
363,363,181.5,0,6,12,8,91,0,0,1,0,1,1
364,364,182.0,0,7,12,8,92,0,0,0,0,1,1
365,365,182.5,0,9,14,8,90,0,0,0,0,1,1
366,366,183.0,0,9,13,8,89,0,1,0,0,1,1
367,367,183.5,0,9,17,7,89,0,1,0,0,1,1
368,368,184.0,0,9,18,7,89,0,1,0,0,1,1
369,369,184.5,0,8,17,8,89,0,1,0,0,2,1
370,370,185.0,0,8,19,7,89,0,1,0,0,2,1
371,371,185.5,0,8,18,7,89,0,1,0,0,2,1
372,372,186.0,0,7,18,7,90,0,1,0,0,2,1
373,373,186.5,0,7,18,7,90,0,1,0,0,2,1
374,374,187.0,0,8,17,7,90,0,1,0,0,1,1
375,375,187.5,0,8,16,7,90,0,1,0,0,1,1
376,376,188.0,0,7,14,7,91,0,1,0,0,1,1
377,377,188.5,0,7,15,7,91,0,1,0,0,1,1
378,378,189.0,0,7,16,7,91,0,1,0,0,1,1
379,379,189.5,0,8,15,8,90,0,1,0,0,1,1
380,380,190.0,0,7,15,8,91,0,1,0,0,1,1
381,381,190.5,0,7,16,8,91,0,1,0,0,1,1
382,382,191.0,0,7,17,8,92,0,0,0,0,1,1
383,383,191.5,0,7,17,8,92,0,0,0,0,1,1
384,384,192.0,0,7,16,8,92,0,0,0,0,1,1
385,385,192.5,0,8,17,8,91,0,0,0,0,1,1
386,386,193.0,0,8,18,8,91,0,0,0,0,1,1
387,387,193.5,0,8,18,7,91,0,0,0,0,1,1
388,388,194.0,0,8,16,7,90,0,1,0,0,1,1
389,389,194.5,0,8,19,7,90,0,0,0,0,2,1
390,390,195.0,0,8,20,7,90,0,0,0,0,2,1
391,391,195.5,0,8,20,7,90,0,0,0,0,2,1
392,392,196.0,0,9,19,7,90,0,0,0,0,1,1
393,393,196.5,0,9,19,7,90,0,0,0,0,1,1
394,394,197.0,0,9,17,7,90,0,0,0,0,1,1
395,395,197.5,0,8,16,6,91,0,0,0,0,1,1
396,396,198.0,0,8,14,7,90,0,1,0,0,1,1
397,397,198.5,0,9,12,8,89,0,1,0,0,1,1
398,398,199.0,0,9,13,8,89,0,1,0,0,1,1
399,399,199.5,0,9,14,8,89,0,1,0,0,1,1
400,400,200.0,0,9,14,8,89,0,1,0,0,1,1
401,401,200.5,0,7,11,8,91,0,1,0,0,1,1
402,402,201.0,0,7,11,8,91,0,1,0,0,1,1
403,403,201.5,0,7,10,9,91,0,1,0,0,1,1
404,404,202.0,0,7,12,8,91,0,1,0,0,1,1
405,405,202.5,0,8,18,7,90,0,1,0,0,1,1
406,406,203.0,0,8,19,7,90,0,1,0,0,1,1
407,407,203.5,0,8,19,7,90,0,1,0,0,1,1
408,408,204.0,0,8,19,7,91,0,0,0,0,1,1
409,409,204.5,0,8,18,7,91,0,0,0,0,1,1
410,410,205.0,0,9,19,7,90,0,0,0,0,1,1
411,411,205.5,0,8,21,7,90,0,0,0,0,2,1
412,412,206.0,0,7,21,6,90,0,1,0,0,2,1
413,413,206.5,0,7,22,6,90,0,1,0,0,2,1
414,414,207.0,0,7,18,8,90,0,1,0,0,2,1
415,415,207.5,0,7,18,8,90,0,1,0,0,2,1
416,416,208.0,0,8,15,8,90,0,1,0,0,1,1
417,417,208.5,0,7,14,8,91,0,1,0,0,1,1
418,418,209.0,0,7,15,8,92,0,0,0,0,1,1
419,419,209.5,0,7,14,8,92,0,0,0,0,1,1
420,420,210.0,0,7,13,9,92,0,0,0,0,1,1
421,421,210.5,0,7,12,9,92,0,0,0,0,1,1
422,422,211.0,0,7,18,7,92,0,0,0,0,1,1
423,423,211.5,0,7,17,7,92,0,0,0,0,1,1
424,424,212.0,0,7,16,7,91,0,1,0,0,1,1
425,425,212.5,0,8,14,7,90,0,1,0,0,1,1
426,426,213.0,0,8,14,7,90,0,1,0,0,1,1
427,427,213.5,0,8,15,7,90,0,1,0,0,1,1
428,428,214.0,0,8,14,7,90,0,1,0,0,1,1
429,429,214.5,0,9,17,6,89,0,1,0,0,1,1
430,430,215.0,0,9,17,6,89,0,1,0,0,1,1
431,431,215.5,0,10,20,6,88,0,1,0,0,1,1
432,432,216.0,0,7,16,8,90,0,1,0,0,2,1
433,433,216.5,0,7,15,8,90,0,1,0,0,2,1
434,434,217.0,0,7,15,8,90,0,1,0,0,2,1
435,435,217.5,0,7,16,8,90,0,1,0,0,2,1
436,436,218.0,0,9,15,8,89,0,1,0,0,1,1
437,437,218.5,0,8,13,8,90,0,1,0,0,1,1
438,438,219.0,0,8,11,9,90,0,1,0,0,1,1
439,439,219.5,0,8,10,9,90,0,1,0,0,1,1
440,440,220.0,0,7,13,7,91,0,1,0,0,1,1
441,441,220.5,0,7,14,7,91,0,1,0,0,1,1
442,442,221.0,0,7,15,7,91,0,1,0,0,1,1
443,443,221.5,0,7,16,7,91,0,1,0,0,1,1
444,444,222.0,0,7,16,7,91,0,1,0,0,1,1
445,445,222.5,0,8,19,7,91,0,0,0,0,1,1
446,446,223.0,0,8,21,6,91,0,0,0,0,1,1
447,447,223.5,0,8,19,6,90,0,1,0,0,1,1
448,448,224.0,0,8,19,6,90,0,1,0,0,1,1
449,449,224.5,0,8,17,7,90,0,1,0,0,1,1
450,450,225.0,0,8,15,8,90,0,1,0,0,1,1
451,451,225.5,0,9,16,8,89,0,1,0,0,1,1
452,452,226.0,0,8,18,8,89,0,1,0,0,2,1
453,453,226.5,0,7,16,8,90,0,1,0,0,2,1
454,454,227.0,0,7,17,8,90,0,1,0,0,2,1
455,455,227.5,0,7,14,9,90,0,1,0,0,2,1
456,456,228.0,0,8,15,9,90,0,1,0,0,1,1
457,457,228.5,0,9,16,8,89,0,1,0,0,1,1
458,458,229.0,0,8,17,7,90,0,1,0,0,1,1
459,459,229.5,0,7,16,7,91,0,1,0,0,1,1
460,460,230.0,0,7,14,7,91,0,1,0,0,1,1
461,461,230.5,0,7,14,7,91,0,1,0,0,1,1
462,462,231.0,0,7,15,7,91,0,1,0,0,1,1
463,463,231.5,0,7,16,6,91,0,1,0,0,1,1
464,464,232.0,0,7,15,6,91,0,1,0,0,1,1
465,465,232.5,0,7,15,6,91,0,1,0,0,1,1
466,466,233.0,0,8,15,7,90,0,1,0,0,1,1
467,467,233.5,0,8,15,7,90,0,1,0,0,1,1
468,468,234.0,0,8,13,8,90,0,1,0,0,1,1
469,469,234.5,0,8,12,8,90,0,1,0,0,1,1
470,470,235.0,0,8,12,8,90,0,1,0,0,1,1
471,471,235.5,0,8,12,8,90,0,1,0,0,1,1
472,472,236.0,0,9,13,9,89,0,1,0,0,1,1
473,473,236.5,0,8,12,9,90,0,1,0,0,1,1
474,474,237.0,0,8,12,9,90,0,1,0,0,1,1
475,475,237.5,0,9,15,8,89,0,1,0,0,1,1
476,476,238.0,0,9,17,7,89,0,1,0,0,1,1
477,477,238.5,0,9,17,7,89,0,1,0,0,1,1
478,478,239.0,0,8,16,7,90,0,1,0,0,1,1
479,479,239.5,0,8,16,7,90,0,1,0,0,1,1
480,480,240.0,0,7,17,6,91,0,1,0,0,1,1
481,481,240.5,0,7,17,6,91,0,1,0,0,1,1
482,482,241.0,0,7,19,6,91,0,1,0,0,1,1
483,483,241.5,0,7,17,7,91,0,1,0,0,1,1
484,484,242.0,0,7,17,7,91,0,1,0,0,1,1
485,485,242.5,0,7,16,7,91,0,1,0,0,1,1
486,486,243.0,0,8,15,8,90,0,1,0,0,1,1
487,487,243.5,0,8,15,8,90,0,1,0,0,1,1
488,488,244.0,0,8,12,9,90,0,1,0,0,1,1
489,489,244.5,0,8,13,9,90,0,1,0,0,1,1
490,490,245.0,0,8,12,9,90,0,1,0,0,1,1
491,491,245.5,0,8,10,9,90,0,1,0,0,1,1
492,492,246.0,0,9,14,8,89,0,1,0,0,1,1
493,493,246.5,0,8,14,8,90,0,1,0,0,1,1
494,494,247.0,0,8,16,7,90,0,1,0,0,1,1
495,495,247.5,0,9,19,7,89,0,1,0,0,1,1
496,496,248.0,0,9,19,7,89,0,1,0,0,1,1
497,497,248.5,0,10,21,6,88,0,1,0,0,1,1
498,498,249.0,0,10,22,6,88,0,1,0,0,1,1
499,499,249.5,0,9,19,6,89,0,1,0,0,1,1
500,500,250.0,0,7,16,7,91,0,1,0,0,1,1
501,501,250.5,0,7,15,7,91,0,1,0,0,1,1
502,502,251.0,0,7,14,7,91,0,1,0,0,1,1
503,503,251.5,0,7,14,7,91,0,1,0,0,1,1
504,504,252.0,0,7,12,8,91,0,1,0,0,1,1
505,505,252.5,0,7,9,9,91,0,1,0,0,1,1
506,506,253.0,0,8,11,9,90,0,1,0,0,1,1
507,507,253.5,0,8,9,9,90,0,1,0,0,1,1
508,508,254.0,0,8,10,9,90,0,1,0,0,1,1
509,509,254.5,0,8,12,8,90,0,1,0,0,1,1
510,510,255.0,0,8,12,8,90,0,1,0,0,1,1
511,511,255.5,0,8,12,8,90,0,1,0,0,1,1
512,512,256.0,0,8,15,7,90,0,1,0,0,1,1
513,513,256.5,0,7,15,7,91,0,1,0,0,1,1
514,514,257.0,0,9,20,6,89,0,1,0,0,1,1
515,515,257.5,0,9,20,6,89,0,1,0,0,1,1
516,516,258.0,0,9,19,6,89,0,1,0,0,1,1
517,517,258.5,0,9,17,7,89,0,1,0,0,1,1
518,518,259.0,0,9,18,7,89,0,1,0,0,1,1
519,519,259.5,0,9,18,7,89,0,1,0,0,1,1
520,520,260.0,0,8,17,7,90,0,1,0,0,1,1
521,521,260.5,0,8,17,7,90,0,1,0,0,1,1
522,522,261.0,0,8,13,9,90,0,1,0,0,1,1
523,523,261.5,0,8,12,9,90,0,1,0,0,1,1
524,524,262.0,0,8,12,9,90,0,1,0,0,1,1
525,525,262.5,0,8,12,9,90,0,1,0,0,1,1
526,526,263.0,0,7,13,8,91,0,1,0,0,1,1
527,527,263.5,0,8,15,8,90,0,1,0,0,1,1
528,528,264.0,0,8,13,8,90,0,1,0,0,1,1
529,529,264.5,0,8,13,8,90,0,1,0,0,1,1
530,530,265.0,0,8,15,7,90,0,1,0,0,1,1
531,531,265.5,0,8,17,6,90,0,1,0,0,1,1
532,532,266.0,0,8,17,6,90,0,1,0,0,1,1
533,533,266.5,0,8,16,6,90,0,1,0,0,1,1
534,534,267.0,0,8,14,7,90,0,1,0,0,1,1
535,535,267.5,0,9,16,7,89,0,1,0,0,1,1
536,536,268.0,0,9,17,7,89,0,1,0,0,1,1
537,537,268.5,0,9,18,7,90,0,0,0,0,1,1
538,538,269.0,0,9,20,7,90,0,0,0,0,1,1
539,539,269.5,0,8,13,9,91,0,0,0,0,1,1
540,540,270.0,0,8,13,9,91,0,0,0,0,1,1
541,541,270.5,0,7,13,9,92,0,0,0,0,1,1
542,542,271.0,0,7,15,9,92,0,0,0,0,1,1
543,543,271.5,0,7,17,8,91,0,1,0,0,1,1
544,544,272.0,0,7,17,8,91,0,1,0,0,1,1
545,545,272.5,0,7,16,8,91,0,1,0,0,1,1
546,546,273.0,0,7,14,8,91,0,1,0,0,1,1
547,547,273.5,0,8,15,8,90,0,1,0,0,1,1
548,548,274.0,0,8,19,6,90,0,1,0,0,1,1
549,549,274.5,0,8,18,6,90,0,1,0,0,1,1
550,550,275.0,0,8,17,6,90,0,1,0,0,1,1
551,551,275.5,0,8,16,7,90,0,1,0,0,1,1
552,552,276.0,0,8,13,7,90,0,1,0,0,1,1
553,553,276.5,0,7,12,7,91,0,1,0,0,1,1
554,554,277.0,0,8,13,7,90,0,1,0,0,1,1
555,555,277.5,0,9,14,7,89,0,1,0,0,1,1
556,556,278.0,0,9,13,8,89,0,1,0,0,1,1
557,557,278.5,0,9,12,9,89,0,1,0,0,1,1
558,558,279.0,0,8,11,9,90,0,1,0,0,1,1
559,559,279.5,0,8,13,9,90,0,1,0,0,1,1
560,560,280.0,0,8,15,8,90,0,1,0,0,1,1
561,561,280.5,0,8,15,8,90,0,1,0,0,1,1
562,562,281.0,0,8,16,8,90,0,1,0,0,1,1
563,563,281.5,0,7,13,8,91,0,1,0,0,1,1
564,564,282.0,0,7,13,8,91,0,1,0,0,1,1
565,565,282.5,0,7,18,6,91,0,1,0,0,1,1
566,566,283.0,0,8,21,6,90,0,1,0,0,1,1
567,567,283.5,0,8,19,6,90,0,1,0,0,1,1
568,568,284.0,0,8,15,7,90,0,1,0,0,1,1
569,569,284.5,0,8,16,7,90,0,1,0,0,1,1
570,570,285.0,0,8,17,7,90,0,1,0,0,1,1
571,571,285.5,0,8,15,7,90,0,1,0,0,1,1
572,572,286.0,0,8,13,8,90,0,1,0,0,1,1
573,573,286.5,0,7,11,8,91,0,1,0,0,1,1
574,574,287.0,0,7,11,8,91,0,1,0,0,1,1
575,575,287.5,0,8,10,9,90,0,1,0,0,1,1
576,576,288.0,0,8,11,9,90,0,1,0,0,1,1
577,577,288.5,0,7,11,8,91,0,1,0,0,1,1
578,578,289.0,0,8,12,8,90,0,1,0,0,1,1
579,579,289.5,0,8,13,8,90,0,1,0,0,1,1
580,580,290.0,0,8,15,8,90,0,1,0,0,1,1
581,581,290.5,0,8,17,7,90,0,1,0,0,1,1
582,582,291.0,0,8,18,7,90,0,1,0,0,1,1
583,583,291.5,0,8,20,6,90,0,1,0,0,1,1
584,584,292.0,0,8,19,6,90,0,1,0,0,1,1
585,585,292.5,0,7,14,7,91,0,1,0,0,1,1
586,586,293.0,0,7,17,7,91,0,1,0,0,1,1
587,587,293.5,0,8,19,7,90,0,1,0,0,1,1
588,588,294.0,0,8,20,7,90,0,1,0,0,1,1
589,589,294.5,0,8,16,8,90,0,1,0,0,1,1
590,590,295.0,0,8,14,8,90,0,1,0,0,1,1
591,591,295.5,0,8,13,8,90,0,1,0,0,1,1
592,592,296.0,0,8,11,9,90,0,1,0,0,1,1
593,593,296.5,0,8,12,9,90,0,1,0,0,1,1
594,594,297.0,0,7,12,8,91,0,1,0,0,1,1
595,595,297.5,0,7,12,8,91,0,1,0,0,1,1
596,596,298.0,0,7,12,8,91,0,1,0,0,1,1
597,597,298.5,0,7,12,8,91,0,1,0,0,1,1
598,598,299.0,0,7,12,7,91,0,1,0,0,1,1
599,599,299.5,0,7,12,7,91,0,1,0,0,1,1
600,600,300.0,0,7,12,7,91,0,1,0,0,1,1
601,601,300.5,0,7,15,6,91,0,1,0,0,1,1
602,602,301.0,0,8,15,7,90,0,1,0,0,1,1
603,603,301.5,0,8,15,7,90,0,1,0,0,1,1
604,604,302.0,0,8,16,7,90,0,1,0,0,1,1
605,605,302.5,0,8,16,7,90,0,1,0,0,1,1
606,606,303.0,0,8,14,8,90,0,1,0,0,1,1
607,607,303.5,0,7,13,8,91,0,1,0,0,1,1
608,608,304.0,0,8,13,8,90,0,1,0,0,1,1
609,609,304.5,0,8,16,8,90,0,1,0,0,1,1
610,610,305.0,0,8,15,9,90,0,1,0,0,1,1
611,611,305.5,0,8,17,8,90,0,1,0,0,1,1
612,612,306.0,0,8,15,8,90,0,1,0,0,1,1
613,613,306.5,0,8,14,8,90,0,1,0,0,1,1
614,614,307.0,0,8,13,8,90,0,1,0,0,1,1
615,615,307.5,0,8,14,7,90,0,1,0,0,1,1
616,616,308.0,0,7,14,7,91,0,1,0,0,1,1
617,617,308.5,0,7,15,7,91,0,1,0,0,1,1
618,618,309.0,0,7,16,6,91,0,1,0,0,1,1
619,619,309.5,0,7,13,7,91,0,1,0,0,1,1
620,620,310.0,0,7,13,7,91,0,1,0,0,1,1
621,621,310.5,0,7,11,7,91,0,1,0,0,1,1
622,622,311.0,0,7,9,8,91,0,1,0,0,1,1
623,623,311.5,0,7,10,8,91,0,1,0,0,1,1
624,624,312.0,0,7,11,8,91,0,1,0,0,1,1
625,625,312.5,0,7,11,8,91,0,1,0,0,1,1
626,626,313.0,0,7,12,8,91,0,1,0,0,1,1
627,627,313.5,0,7,10,9,91,0,1,0,0,1,1
628,628,314.0,0,7,11,8,91,0,1,0,0,1,1
629,629,314.5,0,7,12,8,91,0,1,0,0,1,1
630,630,315.0,0,8,14,8,90,0,1,0,0,1,1
631,631,315.5,0,8,17,7,90,0,1,0,0,1,1
632,632,316.0,0,8,18,7,90,0,1,0,0,1,1
633,633,316.5,0,8,17,7,90,0,1,0,0,1,1
634,634,317.0,0,8,18,7,90,0,1,0,0,1,1
635,635,317.5,0,8,13,8,90,0,1,0,0,1,1
636,636,318.0,0,8,15,7,90,0,1,0,0,1,1
637,637,318.5,0,7,15,7,91,0,1,0,0,1,1
638,638,319.0,0,7,12,8,91,0,1,0,0,1,1
639,639,319.5,0,7,12,8,91,0,1,0,0,1,1
640,640,320.0,0,7,13,8,91,0,1,0,0,1,1
641,641,320.5,0,7,13,8,91,0,1,0,0,1,1
642,642,321.0,0,7,13,8,91,0,1,0,0,1,1
643,643,321.5,0,7,13,8,91,0,1,0,0,1,1
644,644,322.0,0,7,12,8,91,0,1,0,0,1,1
645,645,322.5,0,7,13,8,91,0,1,0,0,1,1
646,646,323.0,0,7,12,8,91,0,1,0,0,1,1
647,647,323.5,0,8,13,8,90,0,1,0,0,1,1
648,648,324.0,0,8,16,7,90,0,1,0,0,1,1
649,649,324.5,0,7,14,7,91,0,1,0,0,1,1
650,650,325.0,0,7,15,7,91,0,1,0,0,1,1
651,651,325.5,0,7,15,7,91,0,1,0,0,1,1
652,652,326.0,0,8,13,8,90,0,1,0,0,1,1
653,653,326.5,0,8,16,7,90,0,1,0,0,1,1
654,654,327.0,0,7,14,7,90,0,1,0,0,1,1
655,655,327.5,0,7,12,8,90,0,1,0,0,1,1
656,656,328.0,0,7,12,8,90,0,1,0,0,1,1
657,657,328.5,0,7,11,8,90,0,1,0,0,1,1
658,658,329.0,0,7,11,8,90,0,1,0,0,1,1
659,659,329.5,0,6,11,8,91,0,1,0,0,1,1
660,660,330.0,0,6,10,8,91,0,1,0,0,1,1
661,661,330.5,0,6,12,7,91,0,1,0,0,1,1
662,662,331.0,0,6,10,8,91,0,1,0,0,1,1
663,663,331.5,0,6,11,8,91,0,1,0,0,1,1
664,664,332.0,0,6,13,7,91,0,1,0,0,1,1
665,665,332.5,0,6,14,7,91,0,1,0,0,1,1
666,666,333.0,0,6,12,7,91,0,1,0,0,1,1
667,667,333.5,0,6,13,7,91,0,1,0,0,1,1
668,668,334.0,0,6,15,7,91,0,1,0,0,1,1
669,669,334.5,0,7,15,8,90,0,1,0,0,1,1
670,670,335.0,0,7,16,7,90,0,1,0,0,1,1
671,671,335.5,0,7,14,8,90,0,1,0,0,1,1
672,672,336.0,0,7,13,8,90,0,1,0,0,1,1
673,673,336.5,0,8,17,8,89,0,1,0,0,1,1
674,674,337.0,0,7,16,8,90,0,1,0,0,1,1
675,675,337.5,0,7,16,8,90,0,1,0,0,1,1
676,676,338.0,0,8,18,8,89,0,1,0,0,1,1
677,677,338.5,0,8,17,8,89,0,1,0,0,1,1
678,678,339.0,0,8,18,7,89,0,1,0,0,1,1
679,679,339.5,0,7,13,8,90,0,1,0,0,1,1
680,680,340.0,0,7,11,8,90,0,1,0,0,1,1
681,681,340.5,0,6,14,7,91,0,1,0,0,1,1
682,682,341.0,0,6,13,7,91,0,1,0,0,1,1
683,683,341.5,0,6,13,7,91,0,1,0,0,1,1
684,684,342.0,0,6,14,7,91,0,1,0,0,1,1
685,685,342.5,0,6,11,8,91,0,1,0,0,1,1
686,686,343.0,0,6,11,8,91,0,1,0,0,1,1
687,687,343.5,0,6,10,8,91,0,1,0,0,1,1
688,688,344.0,0,6,11,8,91,0,1,0,0,1,1
689,689,344.5,0,6,12,8,91,0,1,0,0,1,1
690,690,345.0,0,6,13,8,91,0,1,0,0,1,1
691,691,345.5,0,7,13,8,90,0,1,0,0,1,1
692,692,346.0,0,7,13,8,90,0,1,0,0,1,1
693,693,346.5,0,7,12,8,90,0,1,0,0,1,1
694,694,347.0,0,7,14,7,90,0,1,0,0,1,1
695,695,347.5,0,7,12,7,90,0,1,0,0,1,1
696,696,348.0,0,7,11,8,90,0,1,0,0,1,1
697,697,348.5,0,7,13,7,90,0,1,0,0,1,1
698,698,349.0,0,7,15,7,90,0,1,0,0,1,1
699,699,349.5,0,7,15,7,90,0,1,0,0,1,1
700,700,350.0,0,7,16,7,90,0,1,0,0,1,1
701,701,350.5,0,7,15,7,90,0,1,0,0,1,1
702,702,351.0,0,7,12,8,90,0,1,0,0,1,1
703,703,351.5,0,7,13,8,90,0,1,0,0,1,1
704,704,352.0,0,7,11,9,90,0,1,0,0,1,1
705,705,352.5,0,7,12,8,90,0,1,0,0,1,1
706,706,353.0,0,7,14,8,91,0,0,0,0,1,1
707,707,353.5,0,7,13,8,91,0,0,0,0,1,1
708,708,354.0,0,7,14,8,91,0,0,0,0,1,1
709,709,354.5,0,6,15,8,92,0,0,0,0,1,1
710,710,355.0,0,6,15,8,92,0,0,0,0,1,1
711,711,355.5,0,6,17,7,92,0,0,0,0,1,1
712,712,356.0,0,6,16,7,92,0,0,0,0,1,1
713,713,356.5,0,6,13,8,92,0,0,0,0,1,1
714,714,357.0,0,6,15,7,92,0,0,0,0,1,1
715,715,357.5,0,6,14,7,91,0,1,0,0,1,1
716,716,358.0,0,6,14,7,91,0,1,0,0,1,1
717,717,358.5,0,6,14,7,91,0,1,0,0,1,1
718,718,359.0,0,6,13,7,91,0,1,0,0,1,1
719,719,359.5,0,6,11,8,91,0,1,0,0,1,1
720,720,360.0,0,6,11,8,91,0,1,0,0,1,1
721,721,360.5,0,6,10,9,91,0,1,0,0,1,1
722,722,361.0,0,6,12,8,91,0,1,0,0,1,1
723,723,361.5,0,7,12,8,90,0,1,0,0,1,1
724,724,362.0,0,7,12,8,90,0,1,0,0,1,1
725,725,362.5,0,6,10,8,91,0,1,0,0,1,1
726,726,363.0,0,6,10,8,91,0,1,0,0,1,1
727,727,363.5,0,6,10,8,91,0,1,0,0,1,1
728,728,364.0,0,7,12,7,90,0,1,0,0,1,1
729,729,364.5,0,7,12,7,90,0,1,0,0,1,1
730,730,365.0,0,8,14,6,90,0,1,0,0,1,1
731,731,365.5,0,8,13,7,90,0,1,0,0,1,1
732,732,366.0,0,8,14,7,90,0,1,0,0,1,1
733,733,366.5,0,8,15,7,91,0,0,0,0,1,1
734,734,367.0,0,8,16,7,91,0,0,0,0,1,1
735,735,367.5,0,7,14,8,92,0,0,0,0,1,1
736,736,368.0,0,8,15,8,91,0,0,0,0,1,1
737,737,368.5,0,8,12,9,91,0,0,0,0,1,1
738,738,369.0,0,8,14,9,91,0,0,0,0,1,1
739,739,369.5,0,8,17,8,91,0,0,0,0,1,1
740,740,370.0,0,8,16,8,91,0,0,0,0,1,1
741,741,370.5,0,8,17,8,91,0,0,0,0,1,1
742,742,371.0,0,8,18,8,90,0,1,0,0,1,1
743,743,371.5,0,8,17,8,90,0,1,0,0,1,1
744,744,372.0,0,8,16,8,90,0,1,0,0,1,1
745,745,372.5,0,7,15,7,91,0,1,0,0,1,1
746,746,373.0,0,7,16,6,91,0,1,0,0,1,1
747,747,373.5,0,7,16,6,91,0,1,0,0,1,1
748,748,374.0,0,7,14,7,91,0,1,0,0,1,1
749,749,374.5,0,7,13,7,91,0,1,0,0,1,1
750,750,375.0,0,7,13,7,91,0,1,0,0,1,1
751,751,375.5,0,7,12,7,91,0,1,0,0,1,1
752,752,376.0,0,7,9,8,91,0,1,0,0,1,1
753,753,376.5,0,7,7,9,91,0,1,0,0,1,1
754,754,377.0,0,7,7,9,91,0,1,0,0,1,1
755,755,377.5,0,7,8,9,92,0,0,0,0,1,1
756,756,378.0,0,7,8,9,92,0,0,0,0,1,1
757,757,378.5,0,7,11,8,92,0,0,0,0,1,1
758,758,379.0,0,7,11,8,92,0,0,0,0,1,1
759,759,379.5,0,7,12,8,92,0,0,0,0,1,1
760,760,380.0,0,7,10,8,91,0,1,0,0,1,1
761,761,380.5,0,7,12,7,91,0,1,0,0,1,1
762,762,381.0,0,7,14,7,91,0,1,0,0,1,1
763,763,381.5,0,7,15,6,91,0,1,0,0,1,1
764,764,382.0,0,7,15,6,91,0,1,0,0,1,1
765,765,382.5,0,7,14,7,91,0,1,0,0,1,1
766,766,383.0,0,7,16,7,91,0,1,0,0,1,1
767,767,383.5,0,7,15,7,91,0,1,0,0,1,1
768,768,384.0,0,7,12,8,91,0,1,0,0,1,1
769,769,384.5,0,7,12,8,91,0,1,0,0,1,1
770,770,385.0,0,7,10,9,91,0,1,0,0,1,1
771,771,385.5,0,7,11,9,91,0,1,0,0,1,1
772,772,386.0,0,7,11,9,91,0,1,0,0,1,1
773,773,386.5,0,7,9,9,91,0,1,0,0,1,1
774,774,387.0,0,7,11,8,91,0,1,0,0,1,1
775,775,387.5,0,7,10,8,91,0,1,0,0,1,1
776,776,388.0,0,7,10,8,91,0,1,0,0,1,1
777,777,388.5,0,7,11,8,91,0,1,0,0,1,1
778,778,389.0,0,7,13,7,91,0,1,0,0,1,1
779,779,389.5,0,7,15,6,91,0,1,0,0,1,1
780,780,390.0,0,7,15,6,91,0,1,0,0,1,1
781,781,390.5,0,7,15,6,91,0,1,0,0,1,1
782,782,391.0,0,7,16,6,92,0,0,0,0,1,1
783,783,391.5,0,7,13,7,92,0,0,0,0,1,1
784,784,392.0,0,7,13,7,91,0,1,0,0,1,1
785,785,392.5,0,7,11,8,91,0,1,0,0,1,1
786,786,393.0,0,7,10,9,91,0,1,0,0,1,1
787,787,393.5,0,7,9,9,91,0,1,0,0,1,1
788,788,394.0,0,7,9,9,91,0,1,0,0,1,1
789,789,394.5,0,7,8,9,91,0,1,0,0,1,1
790,790,395.0,0,7,8,9,91,0,1,0,0,1,1
791,791,395.5,0,7,10,8,91,0,1,0,0,1,1
792,792,396.0,0,7,10,8,91,0,1,0,0,1,1
793,793,396.5,0,6,9,8,91,0,1,0,0,1,1
794,794,397.0,0,6,12,7,91,0,1,0,0,1,1
795,795,397.5,0,6,11,7,91,0,1,0,0,1,1
796,796,398.0,0,6,12,6,91,0,1,0,0,1,1
797,797,398.5,0,6,13,6,91,0,1,0,0,1,1
798,798,399.0,0,6,13,6,91,0,1,0,0,1,1
799,799,399.5,0,6,13,6,91,0,1,0,0,1,1
800,800,400.0,0,6,13,7,91,0,1,0,0,1,1
801,801,400.5,0,6,12,8,92,0,0,0,0,1,1
802,802,401.0,0,6,12,8,92,0,0,0,0,1,1
803,803,401.5,0,6,11,9,92,0,0,0,0,1,1
804,804,402.0,0,6,10,9,91,0,1,0,0,1,1
805,805,402.5,0,6,12,9,91,0,1,0,0,1,1
806,806,403.0,0,6,12,9,91,0,1,0,0,1,1
807,807,403.5,0,6,12,9,91,0,1,0,0,1,1
808,808,404.0,0,6,12,9,91,0,1,0,0,1,1
809,809,404.5,0,6,14,8,91,0,1,0,0,1,1
810,810,405.0,0,6,14,8,91,0,1,0,0,1,1
811,811,405.5,0,6,15,7,91,0,1,0,0,1,1
812,812,406.0,0,6,16,6,91,0,1,0,0,1,1
813,813,406.5,0,6,16,6,91,0,1,0,0,1,1
814,814,407.0,0,6,16,6,91,0,1,0,0,1,1
815,815,407.5,0,6,15,6,91,0,1,0,0,1,1
816,816,408.0,0,6,14,6,91,0,1,0,0,1,1
817,817,408.5,0,6,12,7,91,0,1,0,0,1,1
818,818,409.0,0,6,9,8,91,0,1,0,0,1,1
819,819,409.5,0,6,7,9,91,0,1,0,0,1,1
820,820,410.0,0,6,6,9,91,0,1,0,0,1,1
821,821,410.5,0,6,6,9,91,0,1,0,0,1,1
822,822,411.0,0,6,7,9,91,0,1,0,0,1,1
823,823,411.5,0,6,9,9,91,0,1,0,0,1,1
824,824,412.0,0,6,10,9,91,0,1,0,0,1,1
825,825,412.5,0,6,11,9,91,0,1,0,0,1,1
826,826,413.0,0,6,12,8,91,0,1,0,0,1,1
827,827,413.5,0,6,12,7,91,0,1,0,0,1,1
828,828,414.0,0,6,12,7,91,0,1,0,0,1,1
829,829,414.5,0,6,15,6,91,0,1,0,0,1,1
830,830,415.0,0,6,15,6,91,0,1,0,0,1,1
831,831,415.5,0,6,16,6,91,0,1,0,0,1,1
832,832,416.0,0,6,17,6,92,0,0,0,0,1,1
833,833,416.5,0,6,18,6,92,0,0,0,0,1,1
834,834,417.0,0,6,17,7,92,0,0,0,0,1,1
835,835,417.5,0,6,12,9,92,0,0,0,0,1,1
836,836,418.0,0,6,13,9,92,0,0,0,0,1,1
837,837,418.5,0,6,13,9,92,0,0,0,0,1,1
838,838,419.0,0,6,12,9,92,0,0,0,0,1,1
839,839,419.5,0,6,12,9,92,0,0,0,0,1,1
840,840,420.0,0,6,11,9,91,0,1,0,0,1,1
841,841,420.5,0,6,11,9,91,0,1,0,0,1,1
842,842,421.0,0,6,11,9,91,0,1,0,0,1,1
843,843,421.5,0,6,12,8,91,0,1,0,0,1,1
844,844,422.0,0,6,12,7,91,0,1,0,0,1,1
845,845,422.5,0,6,15,6,91,0,1,0,0,1,1
846,846,423.0,0,6,16,6,91,0,1,0,0,1,1
847,847,423.5,0,6,16,6,91,0,1,0,0,1,1
848,848,424.0,0,6,15,6,91,0,1,0,0,1,1
849,849,424.5,0,6,14,6,91,0,1,0,0,1,1
850,850,425.0,0,6,15,6,92,0,0,0,0,1,1
851,851,425.5,0,6,10,8,92,0,0,0,0,1,1
852,852,426.0,0,6,8,9,92,0,0,0,0,1,1
853,853,426.5,0,6,9,9,92,0,0,0,0,1,1
854,854,427.0,0,6,9,9,92,0,0,0,0,1,1
855,855,427.5,0,6,10,9,92,0,0,0,0,1,1
856,856,428.0,0,6,11,9,92,0,0,0,0,1,1
857,857,428.5,0,6,10,9,92,0,0,0,0,1,1
858,858,429.0,0,6,10,9,92,0,0,0,0,1,1
859,859,429.5,0,6,9,9,92,0,0,0,0,1,1
860,860,430.0,0,6,11,8,92,0,0,0,0,1,1
861,861,430.5,0,6,15,6,92,0,0,0,0,1,1
862,862,431.0,0,6,15,6,92,0,0,0,0,1,1
863,863,431.5,0,6,15,6,92,0,0,0,0,1,1
864,864,432.0,0,6,15,6,92,0,0,0,0,1,1
865,865,432.5,0,6,15,6,92,0,0,0,0,1,1
866,866,433.0,0,7,13,6,92,0,0,0,0,0,1
867,867,433.5,0,7,16,6,92,0,0,0,0,0,1
868,868,434.0,0,7,12,9,92,0,0,0,0,0,1
869,869,434.5,0,7,12,9,92,0,0,0,0,0,1
870,870,435.0,0,7,12,9,92,0,0,0,0,0,1
871,871,435.5,0,7,12,9,92,0,0,0,0,0,1
872,872,436.0,0,8,11,9,92,0,0,0,0,0,1
873,873,436.5,0,8,11,9,92,0,0,0,0,0,1
874,874,437.0,0,8,11,9,92,0,0,0,0,0,1
875,875,437.5,0,8,11,9,92,0,0,0,0,0,1
876,876,438.0,0,8,10,9,92,0,0,0,0,0,1
877,877,438.5,0,8,14,7,92,0,0,0,0,0,1
878,878,439.0,0,8,15,6,92,0,0,0,0,0,1
879,879,439.5,0,8,16,6,92,0,0,0,0,0,1
880,880,440.0,0,8,15,6,92,0,0,0,0,0,1
881,881,440.5,0,8,15,6,92,0,0,0,0,0,1
882,882,441.0,0,8,14,6,92,0,0,0,0,0,1
883,883,441.5,0,7,15,6,92,0,0,0,0,1,1
884,884,442.0,0,7,13,7,92,0,0,0,0,1,1
885,885,442.5,0,7,11,8,92,0,0,0,0,1,1
886,886,443.0,0,7,9,9,92,0,0,0,0,1,1
887,887,443.5,0,7,9,9,92,0,0,0,0,1,1
888,888,444.0,0,7,9,9,92,0,0,0,0,1,1
889,889,444.5,0,7,9,9,92,0,0,0,0,1,1
890,890,445.0,0,7,9,9,92,0,0,0,0,1,1
891,891,445.5,0,7,8,9,92,0,0,0,0,1,1
892,892,446.0,0,7,9,9,92,0,0,0,0,1,1
893,893,446.5,0,7,7,9,91,0,1,0,0,1,1
894,894,447.0,0,7,13,6,91,0,1,0,0,1,1
895,895,447.5,0,7,13,6,91,0,1,0,0,1,1
896,896,448.0,0,7,14,6,91,0,1,0,0,1,1
897,897,448.5,0,7,15,6,91,0,1,0,0,1,1
898,898,449.0,0,7,14,6,91,0,1,0,0,1,1
899,899,449.5,0,7,14,6,91,0,1,0,0,1,1
900,900,450.0,0,7,15,6,91,0,1,0,0,1,1
901,901,450.5,0,7,14,8,91,0,1,0,0,1,1
902,902,451.0,0,6,13,8,92,0,1,0,0,1,1
903,903,451.5,0,6,10,9,92,0,1,0,0,1,1
904,904,452.0,0,6,10,9,92,0,1,0,0,1,1
905,905,452.5,0,6,10,9,92,0,1,0,0,1,1
906,906,453.0,0,6,10,9,92,0,1,0,0,1,1
907,907,453.5,0,6,10,9,92,0,1,0,0,1,1
908,908,454.0,0,6,10,9,92,0,1,0,0,1,1
909,909,454.5,0,6,11,9,92,0,1,0,0,1,1
910,910,455.0,0,6,13,8,92,0,1,0,0,1,1
911,911,455.5,0,7,16,7,91,0,1,0,0,1,1
912,912,456.0,0,7,15,6,91,0,1,0,0,1,1
913,913,456.5,0,7,16,6,92,0,0,0,0,1,1
914,914,457.0,0,7,16,6,92,0,0,0,0,1,1
915,915,457.5,0,7,16,6,92,0,0,0,0,1,1
916,916,458.0,0,6,15,6,92,0,0,0,0,1,1
917,917,458.5,0,6,12,7,92,0,0,0,0,1,1
918,918,459.0,0,6,10,8,92,0,0,0,0,1,1
919,919,459.5,0,6,11,8,92,0,0,0,0,1,1
920,920,460.0,0,6,9,9,92,0,0,0,0,1,1
921,921,460.5,0,6,9,9,92,0,0,0,0,1,1
922,922,461.0,0,6,9,9,92,0,0,0,0,1,1
923,923,461.5,0,7,8,9,92,0,0,0,0,0,1
924,924,462.0,0,7,6,9,92,0,0,0,0,0,1
925,925,462.5,0,7,7,9,92,0,0,0,0,0,1
926,926,463.0,0,7,7,9,92,0,0,0,0,0,1
927,927,463.5,0,7,9,8,92,0,0,0,0,0,1
928,928,464.0,0,7,13,6,92,0,0,0,0,0,1
929,929,464.5,0,7,14,6,92,0,0,0,0,0,1
930,930,465.0,0,7,14,6,92,0,0,0,0,0,1
931,931,465.5,0,7,15,6,92,0,0,0,0,0,1
932,932,466.0,0,7,16,6,92,0,0,0,0,0,1
933,933,466.5,0,7,14,7,92,0,0,0,0,0,1
934,934,467.0,0,7,13,7,92,0,0,0,0,0,1
935,935,467.5,0,7,13,8,92,0,0,0,0,0,1
936,936,468.0,0,7,14,8,92,0,0,0,0,0,1
937,937,468.5,0,7,12,9,92,0,0,0,0,0,1
938,938,469.0,0,7,12,9,92,0,0,0,0,0,1
939,939,469.5,0,7,11,9,92,0,0,0,0,0,1
940,940,470.0,0,7,11,9,92,0,0,0,0,0,1
941,941,470.5,0,7,10,9,92,0,0,0,0,0,1
942,942,471.0,0,7,10,9,92,0,0,0,0,0,1
943,943,471.5,0,7,13,8,92,0,0,0,0,0,1
944,944,472.0,0,7,15,7,92,0,0,0,0,0,1
945,945,472.5,0,7,14,7,92,0,0,0,0,0,1
946,946,473.0,0,7,16,6,92,0,0,0,0,0,1
947,947,473.5,0,7,15,6,92,0,0,0,0,0,1
948,948,474.0,0,7,16,6,92,0,0,0,0,0,1
949,949,474.5,0,7,14,7,92,0,0,0,0,0,1
950,950,475.0,0,7,12,7,92,0,0,0,0,0,1
951,951,475.5,0,7,9,8,92,0,0,0,0,0,1
952,952,476.0,0,7,10,8,92,0,0,0,0,0,1
953,953,476.5,0,6,10,8,93,0,0,0,0,0,1
954,954,477.0,0,6,8,9,93,0,0,0,0,0,1
955,955,477.5,0,6,8,9,93,0,0,0,0,0,1
956,956,478.0,0,6,6,9,93,0,0,0,0,0,1
957,957,478.5,0,6,7,9,93,0,0,0,0,0,1
958,958,479.0,0,6,7,9,93,0,0,0,0,0,1
959,959,479.5,0,6,9,8,93,0,0,0,0,0,1
960,960,480.0,0,6,9,8,93,0,0,0,0,0,1
961,961,480.5,0,6,11,7,93,0,0,0,0,0,1
962,962,481.0,0,7,11,7,92,0,0,0,0,0,1
963,963,481.5,0,7,12,6,92,0,0,0,0,0,1
964,964,482.0,0,7,15,6,92,0,0,0,0,0,1
965,965,482.5,0,6,16,6,92,0,0,0,0,1,1
966,966,483.0,0,6,14,7,92,0,0,0,0,1,1
967,967,483.5,0,6,14,7,92,0,0,0,0,1,1
968,968,484.0,0,6,12,8,92,0,0,0,0,1,1
969,969,484.5,0,6,10,8,92,0,0,0,0,1,1
970,970,485.0,0,6,12,8,92,0,0,0,0,1,1
971,971,485.5,0,6,10,9,92,0,0,0,0,1,1
972,972,486.0,0,6,10,9,92,0,0,0,0,1,1
973,973,486.5,0,6,10,9,92,0,0,0,0,1,1
974,974,487.0,0,6,11,9,92,0,0,0,0,1,1
975,975,487.5,0,6,11,9,92,0,0,0,0,1,1
976,976,488.0,0,6,15,8,92,0,0,0,0,1,1
977,977,488.5,0,6,17,7,92,0,0,0,0,1,1
978,978,489.0,0,7,16,7,91,0,0,0,0,1,1
979,979,489.5,0,7,16,7,91,0,0,0,0,1,1
980,980,490.0,0,7,18,6,91,0,0,0,0,1,1
981,981,490.5,0,7,18,6,91,0,0,0,0,1,1
982,982,491.0,0,8,15,7,91,0,0,0,0,0,1
983,983,491.5,0,8,15,7,91,0,0,0,0,0,1
984,984,492.0,0,8,10,8,91,0,0,0,0,0,1
985,985,492.5,0,8,11,8,91,0,0,0,0,0,1
986,986,493.0,0,8,11,8,91,0,0,0,0,0,1
987,987,493.5,0,8,11,8,91,0,0,0,0,0,1
988,988,494.0,0,8,8,9,91,0,0,0,0,0,1
989,989,494.5,0,8,9,9,91,0,0,0,0,0,1
990,990,495.0,0,8,7,9,91,0,0,0,0,0,1
991,991,495.5,0,8,7,9,91,0,0,0,0,0,1
992,992,496.0,0,8,9,8,91,0,0,0,0,0,1
993,993,496.5,0,8,10,8,91,0,0,0,0,0,1
994,994,497.0,0,8,12,7,91,0,0,0,0,0,1
995,995,497.5,0,8,12,7,91,0,0,0,0,0,1
996,996,498.0,0,8,12,7,91,0,0,0,0,0,1
997,997,498.5,0,8,15,6,91,0,0,0,0,0,1
998,998,499.0,0,8,17,6,91,0,0,0,0,0,1
999,999,499.5,0,8,15,7,91,0,0,0,0,0,1
1000,1000,500.0,0,8,13,8,91,0,0,0,0,0,1
