time_fs,time_ps,n_hbonds,betti_0,betti_1,betti_2,euler_characteristic
0.0,0.0,139,1,50,0,-49
0.5,0.0005,139,1,50,0,-49
1.0,0.001,139,1,50,0,-49
1.5,0.0015,139,1,50,0,-49
2.0,0.002,138,1,50,0,-49
2.5,0.0025,137,1,50,0,-49
3.0,0.003,137,1,50,0,-49
3.5,0.0035,137,1,50,0,-49
4.0,0.004,137,1,50,0,-49
4.5,0.0045,137,1,50,0,-49
5.0,0.005,137,1,50,0,-49
5.5,0.0055,135,1,48,0,-47
6.0,0.006,135,1,48,0,-47
6.5,0.0065,136,1,48,0,-47
7.0,0.007,138,1,49,0,-48
7.5,0.0075,138,1,49,0,-48
8.0,0.008,138,1,49,0,-48
8.5,0.0085,138,1,49,0,-48
9.0,0.009,140,1,50,0,-49
9.5,0.0095,140,1,50,0,-49
10.0,0.01,140,1,50,0,-49
10.5,0.0105,140,1,50,0,-49
11.0,0.011,140,1,50,0,-49
11.5,0.0115,137,1,48,0,-47
12.0,0.012,135,1,47,0,-46
12.5,0.0125,136,1,48,0,-47
13.0,0.013,135,1,47,0,-46
13.5,0.0135,134,1,46,0,-45
14.0,0.014,133,1,46,0,-45
14.5,0.0145,132,1,45,0,-44
15.0,0.015,132,1,45,0,-44
15.5,0.0155,134,1,46,0,-45
16.0,0.016,134,1,46,0,-45
16.5,0.0165,134,1,46,0,-45
17.0,0.017,135,1,47,0,-46
17.5,0.0175,137,1,49,0,-48
18.0,0.018,136,1,48,0,-47
18.5,0.0185,137,1,48,0,-47
19.0,0.019,137,1,48,0,-47
19.5,0.0195,137,1,48,0,-47
20.0,0.02,137,1,48,0,-47
20.5,0.0205,137,1,48,0,-47
21.0,0.021,139,1,48,0,-47
21.5,0.0215,139,1,48,0,-47
22.0,0.022,138,1,47,0,-46
22.5,0.0225,139,1,48,0,-47
23.0,0.023,136,1,46,0,-45
23.5,0.0235,136,1,46,0,-45
24.0,0.024,135,1,45,0,-44
24.5,0.0245,137,1,46,0,-45
25.0,0.025,137,1,46,0,-45
25.5,0.0255,134,1,45,0,-44
26.0,0.026,134,1,45,0,-44
26.5,0.0265,133,1,44,0,-43
27.0,0.027,133,1,44,0,-43
27.5,0.0275,134,1,44,0,-43
28.0,0.028,135,1,45,0,-44
28.5,0.0285,137,1,47,0,-46
29.0,0.029,135,1,46,0,-45
29.5,0.0295,136,1,47,0,-46
30.0,0.03,135,1,46,0,-45
30.5,0.0305,135,1,46,0,-45
31.0,0.031,134,1,45,0,-44
31.5,0.0315,133,1,44,0,-43
32.0,0.032,134,1,45,0,-44
32.5,0.0325,134,1,45,0,-44
33.0,0.033,134,1,45,0,-44
33.5,0.0335,134,1,45,0,-44
34.0,0.034,132,1,44,0,-43
34.5,0.0345,132,1,44,0,-43
35.0,0.035,132,1,44,0,-43
35.5,0.0355,132,1,44,0,-43
36.0,0.036,131,1,43,0,-42
36.5,0.0365,131,1,43,0,-42
37.0,0.037,131,1,43,0,-42
37.5,0.0375,131,1,43,0,-42
38.0,0.038,131,1,43,0,-42
38.5,0.0385,130,1,43,0,-42
39.0,0.039,126,1,40,0,-39
39.5,0.0395,127,1,40,0,-39
40.0,0.04,130,1,41,0,-40
40.5,0.0405,131,1,42,0,-41
41.0,0.041,132,1,41,0,-40
41.5,0.0415,132,1,41,0,-40
42.0,0.042,132,1,41,0,-40
42.5,0.0425,133,1,41,0,-40
43.0,0.043,133,1,41,0,-40
43.5,0.0435,133,1,41,0,-40
44.0,0.044,134,1,42,0,-41
44.5,0.0445,134,1,42,0,-41
45.0,0.045,134,1,42,0,-41
45.5,0.0455,132,1,43,0,-42
46.0,0.046,133,1,44,0,-43
46.5,0.0465,134,1,45,0,-44
47.0,0.047,135,1,46,0,-45
47.5,0.0475,135,1,46,0,-45
48.0,0.048,135,1,46,0,-45
48.5,0.0485,135,1,45,0,-44
49.0,0.049,134,1,45,0,-44
49.5,0.0495,137,1,47,0,-46
50.0,0.05,136,1,47,0,-46
50.5,0.0505,136,1,47,0,-46
51.0,0.051,135,1,46,0,-45
51.5,0.0515,136,1,47,0,-46
52.0,0.052,137,1,47,0,-46
52.5,0.0525,137,1,47,0,-46
53.0,0.053,137,1,47,0,-46
53.5,0.0535,137,1,47,0,-46
54.0,0.054,136,1,46,0,-45
54.5,0.0545,137,1,47,0,-46
55.0,0.055,137,1,47,0,-46
55.5,0.0555,137,1,47,0,-46
56.0,0.056,137,1,47,0,-46
56.5,0.0565,137,1,47,0,-46
57.0,0.057,137,1,47,0,-46
57.5,0.0575,137,1,47,0,-46
58.0,0.058,135,1,45,0,-44
58.5,0.0585,134,1,45,0,-44
59.0,0.059,135,1,45,0,-44
59.5,0.0595,132,1,43,0,-42
60.0,0.06,132,1,43,0,-42
60.5,0.0605,133,1,43,0,-42
61.0,0.061,133,1,44,0,-43
61.5,0.0615,133,1,45,0,-44
62.0,0.062,132,1,45,0,-44
62.5,0.0625,133,1,46,0,-45
63.0,0.063,133,1,46,0,-45
63.5,0.0635,133,1,46,0,-45
64.0,0.064,132,1,45,0,-44
64.5,0.0645,134,1,46,0,-45
65.0,0.065,134,1,46,0,-45
65.5,0.0655,134,1,46,0,-45
66.0,0.066,133,1,45,0,-44
66.5,0.0665,133,1,45,0,-44
67.0,0.067,134,1,46,0,-45
67.5,0.0675,132,1,45,0,-44
68.0,0.068,132,1,45,0,-44
68.5,0.0685,131,1,44,0,-43
69.0,0.069,132,1,44,0,-43
69.5,0.0695,133,1,45,0,-44
70.0,0.07,133,1,45,0,-44
70.5,0.0705,134,1,46,0,-45
71.0,0.071,135,1,47,0,-46
71.5,0.0715,135,1,47,0,-46
72.0,0.072,134,1,46,0,-45
72.5,0.0725,137,1,48,0,-47
73.0,0.073,140,1,50,0,-49
73.5,0.0735,140,1,50,0,-49
74.0,0.074,138,1,50,0,-49
74.5,0.0745,137,1,49,0,-48
75.0,0.075,137,1,49,0,-48
75.5,0.0755,138,1,50,0,-49
76.0,0.076,138,1,50,0,-49
76.5,0.0765,138,1,50,0,-49
77.0,0.077,138,1,50,0,-49
77.5,0.0775,138,1,50,0,-49
78.0,0.078,137,1,50,0,-49
78.5,0.0785,137,1,50,0,-49
79.0,0.079,136,1,50,0,-49
79.5,0.0795,136,1,50,0,-49
80.0,0.08,136,1,50,0,-49
80.5,0.0805,137,1,50,0,-49
81.0,0.081,137,1,50,0,-49
81.5,0.0815,136,1,49,0,-48
82.0,0.082,136,1,49,0,-48
82.5,0.0825,136,1,49,0,-48
83.0,0.083,136,1,48,0,-47
83.5,0.0835,137,1,49,0,-48
84.0,0.084,137,1,49,0,-48
84.5,0.0845,138,1,50,0,-49
85.0,0.085,138,1,50,0,-49
85.5,0.0855,139,1,51,0,-50
86.0,0.086,138,1,50,0,-49
86.5,0.0865,138,1,50,0,-49
87.0,0.087,140,1,52,0,-51
87.5,0.0875,139,1,51,0,-50
88.0,0.088,139,1,51,0,-50
88.5,0.0885,139,1,51,0,-50
89.0,0.089,139,1,51,0,-50
89.5,0.0895,139,1,51,0,-50
90.0,0.09,141,1,53,0,-52
90.5,0.0905,141,1,53,0,-52
91.0,0.091,139,1,51,0,-50
91.5,0.0915,140,1,51,0,-50
92.0,0.092,141,1,52,0,-51
92.5,0.0925,142,1,53,0,-52
93.0,0.093,143,1,53,0,-52
93.5,0.0935,143,1,53,0,-52
94.0,0.094,143,1,52,0,-51
94.5,0.0945,143,1,52,0,-51
95.0,0.095,143,1,53,0,-52
95.5,0.0955,142,1,51,0,-50
96.0,0.096,142,1,51,0,-50
96.5,0.0965,143,1,51,0,-50
97.0,0.097,143,1,51,0,-50
97.5,0.0975,141,1,50,0,-49
98.0,0.098,141,1,50,0,-49
98.5,0.0985,140,1,50,0,-49
99.0,0.099,141,1,51,0,-50
99.5,0.0995,141,1,51,0,-50
100.0,0.1,141,1,51,0,-50
100.5,0.1005,142,1,52,0,-51
101.0,0.101,142,1,52,0,-51
101.5,0.1015,142,1,52,0,-51
102.0,0.102,144,1,54,0,-53
102.5,0.1025,146,1,55,0,-54
103.0,0.103,146,1,55,0,-54
103.5,0.1035,148,1,56,0,-55
104.0,0.104,147,1,55,0,-54
104.5,0.1045,149,1,56,0,-55
105.0,0.105,149,1,56,0,-55
105.5,0.1055,147,1,54,0,-53
106.0,0.106,145,1,53,0,-52
106.5,0.1065,143,1,51,0,-50
107.0,0.107,145,1,52,0,-51
107.5,0.1075,146,1,53,0,-52
108.0,0.108,146,1,53,0,-52
108.5,0.1085,146,1,53,0,-52
109.0,0.109,146,1,53,0,-52
109.5,0.1095,145,1,52,0,-51
110.0,0.11,147,1,53,0,-52
110.5,0.1105,145,1,52,0,-51
111.0,0.111,145,1,52,0,-51
111.5,0.1115,148,1,54,0,-53
112.0,0.112,149,1,54,0,-53
112.5,0.1125,150,1,55,0,-54
113.0,0.113,150,1,55,0,-54
113.5,0.1135,150,1,55,0,-54
114.0,0.114,150,1,55,0,-54
114.5,0.1145,151,1,56,0,-55
115.0,0.115,151,1,56,0,-55
115.5,0.1155,151,1,56,0,-55
116.0,0.116,151,1,56,0,-55
116.5,0.1165,149,1,55,0,-54
117.0,0.117,149,1,55,0,-54
117.5,0.1175,149,1,55,0,-54
118.0,0.118,149,1,55,0,-54
118.5,0.1185,149,1,55,0,-54
119.0,0.119,149,1,55,0,-54
119.5,0.1195,148,1,54,0,-53
120.0,0.12,149,1,55,0,-54
120.5,0.1205,148,1,55,0,-54
121.0,0.121,146,1,54,0,-53
121.5,0.1215,146,1,54,0,-53
122.0,0.122,145,1,54,0,-53
122.5,0.1225,145,1,54,0,-53
123.0,0.123,145,1,54,0,-53
123.5,0.1235,145,1,55,0,-54
124.0,0.124,145,1,55,0,-54
124.5,0.1245,144,1,54,0,-53
125.0,0.125,145,1,54,0,-53
125.5,0.1255,148,1,55,0,-54
126.0,0.126,148,1,55,0,-54
126.5,0.1265,148,1,55,0,-54
127.0,0.127,148,1,55,0,-54
127.5,0.1275,147,1,54,0,-53
128.0,0.128,147,1,54,0,-53
128.5,0.1285,147,1,54,0,-53
129.0,0.129,147,1,54,0,-53
129.5,0.1295,145,1,53,0,-52
130.0,0.13,143,1,52,0,-51
130.5,0.1305,144,1,53,0,-52
131.0,0.131,144,1,52,0,-51
131.5,0.1315,143,1,52,0,-51
132.0,0.132,143,1,52,0,-51
132.5,0.1325,142,1,51,0,-50
133.0,0.133,142,1,51,0,-50
133.5,0.1335,143,1,52,0,-51
134.0,0.134,143,1,52,0,-51
134.5,0.1345,142,1,52,0,-51
135.0,0.135,142,1,52,0,-51
135.5,0.1355,142,1,52,0,-51
136.0,0.136,143,1,52,0,-51
136.5,0.1365,143,1,52,0,-51
137.0,0.137,142,1,51,0,-50
137.5,0.1375,142,1,51,0,-50
138.0,0.138,142,1,51,0,-50
138.5,0.1385,142,1,51,0,-50
139.0,0.139,141,1,50,0,-49
139.5,0.1395,141,1,50,0,-49
140.0,0.14,141,1,50,0,-49
140.5,0.1405,142,1,50,0,-49
141.0,0.141,142,1,50,0,-49
141.5,0.1415,142,1,50,0,-49
142.0,0.142,141,1,50,0,-49
142.5,0.1425,139,1,49,0,-48
143.0,0.143,137,1,48,0,-47
143.5,0.1435,139,1,50,0,-49
144.0,0.144,140,1,51,0,-50
144.5,0.1445,140,1,51,0,-50
145.0,0.145,139,1,51,0,-50
145.5,0.1455,139,1,51,0,-50
146.0,0.146,138,1,50,0,-49
146.5,0.1465,141,1,51,0,-50
147.0,0.147,141,1,51,0,-50
147.5,0.1475,141,1,51,0,-50
148.0,0.148,142,1,52,0,-51
148.5,0.1485,142,1,52,0,-51
149.0,0.149,143,1,52,0,-51
149.5,0.1495,144,1,53,0,-52
150.0,0.15,144,1,53,0,-52
150.5,0.1505,144,1,53,0,-52
151.0,0.151,144,1,53,0,-52
151.5,0.1515,145,1,53,0,-52
152.0,0.152,146,1,54,0,-53
152.5,0.1525,146,1,54,0,-53
153.0,0.153,145,1,53,0,-52
153.5,0.1535,141,1,51,0,-50
154.0,0.154,141,1,51,0,-50
154.5,0.1545,141,1,51,0,-50
155.0,0.155,141,1,51,0,-50
155.5,0.1555,141,1,51,0,-50
156.0,0.156,141,1,51,0,-50
156.5,0.1565,140,1,50,0,-49
157.0,0.157,141,1,51,0,-50
157.5,0.1575,141,1,51,0,-50
158.0,0.158,141,1,51,0,-50
158.5,0.1585,141,1,51,0,-50
159.0,0.159,141,1,51,0,-50
159.5,0.1595,141,1,51,0,-50
160.0,0.16,141,1,51,0,-50
160.5,0.1605,141,1,51,0,-50
161.0,0.161,141,1,51,0,-50
161.5,0.1615,141,1,51,0,-50
162.0,0.162,141,1,51,0,-50
162.5,0.1625,141,1,52,0,-51
163.0,0.163,141,1,52,0,-51
163.5,0.1635,141,1,52,0,-51
164.0,0.164,141,1,52,0,-51
164.5,0.1645,142,1,53,0,-52
165.0,0.165,141,1,53,0,-52
165.5,0.1655,142,1,53,0,-52
166.0,0.166,143,1,54,0,-53
166.5,0.1665,142,1,53,0,-52
167.0,0.167,144,1,54,0,-53
167.5,0.1675,144,1,54,0,-53
168.0,0.168,144,1,54,0,-53
168.5,0.1685,145,1,55,0,-54
169.0,0.169,146,1,55,0,-54
169.5,0.1695,145,1,54,0,-53
170.0,0.17,145,1,54,0,-53
170.5,0.1705,145,1,54,0,-53
171.0,0.171,145,1,54,0,-53
171.5,0.1715,145,1,54,0,-53
172.0,0.172,146,1,55,0,-54
172.5,0.1725,146,1,55,0,-54
173.0,0.173,144,1,54,0,-53
173.5,0.1735,144,1,54,0,-53
174.0,0.174,143,1,53,0,-52
174.5,0.1745,143,1,53,0,-52
175.0,0.175,144,1,54,0,-53
175.5,0.1755,144,1,54,0,-53
176.0,0.176,144,1,54,0,-53
176.5,0.1765,146,1,55,0,-54
177.0,0.177,145,1,55,0,-54
177.5,0.1775,145,1,55,0,-54
178.0,0.178,143,1,53,0,-52
178.5,0.1785,143,1,53,0,-52
179.0,0.179,144,1,53,0,-52
179.5,0.1795,144,1,53,0,-52
180.0,0.18,145,1,54,0,-53
180.5,0.1805,144,1,53,0,-52
181.0,0.181,145,1,54,0,-53
181.5,0.1815,143,1,52,0,-51
182.0,0.182,143,1,52,0,-51
182.5,0.1825,145,1,54,0,-53
183.0,0.183,143,1,53,0,-52
183.5,0.1835,145,1,54,0,-53
184.0,0.184,145,1,54,0,-53
184.5,0.1845,145,1,54,0,-53
185.0,0.185,146,1,55,0,-54
185.5,0.1855,146,1,55,0,-54
186.0,0.186,150,1,58,0,-57
186.5,0.1865,152,1,60,0,-59
187.0,0.187,152,1,60,0,-59
187.5,0.1875,152,1,60,0,-59
188.0,0.188,151,1,60,0,-59
188.5,0.1885,152,1,61,0,-60
189.0,0.189,152,1,61,0,-60
189.5,0.1895,153,1,62,0,-61
190.0,0.19,153,1,62,0,-61
190.5,0.1905,149,1,59,0,-58
191.0,0.191,151,1,60,0,-59
191.5,0.1915,152,1,61,0,-60
192.0,0.192,150,1,60,0,-59
192.5,0.1925,151,1,61,0,-60
193.0,0.193,149,1,60,0,-59
193.5,0.1935,148,1,59,0,-58
194.0,0.194,149,1,59,0,-58
194.5,0.1945,145,1,57,0,-56
195.0,0.195,146,1,57,0,-56
195.5,0.1955,147,1,57,0,-56
196.0,0.196,147,1,57,0,-56
196.5,0.1965,152,1,61,0,-60
197.0,0.197,152,1,61,0,-60
197.5,0.1975,152,1,61,0,-60
198.0,0.198,153,1,62,0,-61
198.5,0.1985,154,1,62,0,-61
199.0,0.199,152,1,60,0,-59
199.5,0.1995,151,1,60,0,-59
200.0,0.2,151,1,60,0,-59
200.5,0.2005,150,1,59,0,-58
201.0,0.201,152,1,59,0,-58
201.5,0.2015,152,1,59,0,-58
202.0,0.202,152,1,59,0,-58
202.5,0.2025,148,1,56,0,-55
203.0,0.203,148,1,56,0,-55
203.5,0.2035,145,1,54,0,-53
204.0,0.204,145,1,54,0,-53
204.5,0.2045,146,1,54,0,-53
205.0,0.205,145,1,54,0,-53
205.5,0.2055,145,1,54,0,-53
206.0,0.206,147,1,56,0,-55
206.5,0.2065,149,1,57,0,-56
207.0,0.207,148,1,56,0,-55
207.5,0.2075,147,1,55,0,-54
208.0,0.208,148,1,55,0,-54
208.5,0.2085,148,1,55,0,-54
209.0,0.209,146,1,54,0,-53
209.5,0.2095,147,1,54,0,-53
210.0,0.21,147,1,54,0,-53
210.5,0.2105,147,1,54,0,-53
211.0,0.211,148,1,54,0,-53
211.5,0.2115,148,1,54,0,-53
212.0,0.212,149,1,55,0,-54
212.5,0.2125,149,1,55,0,-54
213.0,0.213,145,1,53,0,-52
213.5,0.2135,143,1,52,0,-51
214.0,0.214,143,1,52,0,-51
214.5,0.2145,143,1,52,0,-51
215.0,0.215,143,1,52,0,-51
215.5,0.2155,146,1,54,0,-53
216.0,0.216,146,1,54,0,-53
216.5,0.2165,147,1,55,0,-54
217.0,0.217,147,1,55,0,-54
217.5,0.2175,150,1,57,0,-56
218.0,0.218,148,1,56,0,-55
218.5,0.2185,146,1,55,0,-54
219.0,0.219,148,1,57,0,-56
219.5,0.2195,148,1,57,0,-56
220.0,0.22,148,1,57,0,-56
220.5,0.2205,147,1,56,0,-55
221.0,0.221,147,1,56,0,-55
221.5,0.2215,147,1,56,0,-55
222.0,0.222,147,1,56,0,-55
222.5,0.2225,149,1,56,0,-55
223.0,0.223,146,1,54,0,-53
223.5,0.2235,144,1,53,0,-52
224.0,0.224,145,1,54,0,-53
224.5,0.2245,147,1,55,0,-54
225.0,0.225,146,1,55,0,-54
225.5,0.2255,146,1,55,0,-54
226.0,0.226,145,1,54,0,-53
226.5,0.2265,145,1,54,0,-53
227.0,0.227,150,1,57,0,-56
227.5,0.2275,149,1,57,0,-56
228.0,0.228,149,1,57,0,-56
228.5,0.2285,149,1,57,0,-56
229.0,0.229,149,1,57,0,-56
229.5,0.2295,149,1,57,0,-56
230.0,0.23,149,1,57,0,-56
230.5,0.2305,149,1,57,0,-56
231.0,0.231,148,1,56,0,-55
231.5,0.2315,148,1,56,0,-55
232.0,0.232,147,1,55,0,-54
232.5,0.2325,146,1,55,0,-54
233.0,0.233,147,1,55,0,-54
233.5,0.2335,143,1,53,0,-52
234.0,0.234,143,1,53,0,-52
234.5,0.2345,145,1,54,0,-53
235.0,0.235,145,1,54,0,-53
235.5,0.2355,144,1,54,0,-53
236.0,0.236,143,1,53,0,-52
236.5,0.2365,143,1,53,0,-52
237.0,0.237,149,1,55,0,-54
237.5,0.2375,149,1,55,0,-54
238.0,0.238,148,2,55,0,-53
238.5,0.2385,148,2,55,0,-53
239.0,0.239,148,2,55,0,-53
239.5,0.2395,149,2,56,0,-54
240.0,0.24,149,2,56,0,-54
240.5,0.2405,150,2,57,0,-55
241.0,0.241,150,2,57,0,-55
241.5,0.2415,150,2,57,0,-55
242.0,0.242,150,2,57,0,-55
242.5,0.2425,150,2,58,0,-56
243.0,0.243,150,1,58,0,-57
243.5,0.2435,146,1,56,0,-55
244.0,0.244,146,1,56,0,-55
244.5,0.2445,146,1,56,0,-55
245.0,0.245,146,1,57,0,-56
245.5,0.2455,146,1,57,0,-56
246.0,0.246,145,1,56,0,-55
246.5,0.2465,146,1,56,0,-55
247.0,0.247,146,1,56,0,-55
247.5,0.2475,152,1,59,0,-58
248.0,0.248,152,1,59,0,-58
248.5,0.2485,153,1,59,0,-58
249.0,0.249,155,1,60,0,-59
249.5,0.2495,155,1,60,0,-59
250.0,0.25,156,1,61,0,-60
250.5,0.2505,155,1,61,0,-60
251.0,0.251,154,1,60,0,-59
251.5,0.2515,154,1,60,0,-59
252.0,0.252,153,1,59,0,-58
252.5,0.2525,153,1,59,0,-58
253.0,0.253,152,1,59,0,-58
253.5,0.2535,150,1,58,0,-57
254.0,0.254,147,1,56,0,-55
254.5,0.2545,148,1,56,0,-55
255.0,0.255,149,1,56,0,-55
255.5,0.2555,149,1,56,0,-55
256.0,0.256,148,1,55,0,-54
256.5,0.2565,149,1,56,0,-55
257.0,0.257,150,1,56,0,-55
257.5,0.2575,155,1,59,0,-58
258.0,0.258,155,1,59,0,-58
258.5,0.2585,156,1,60,0,-59
259.0,0.259,156,1,60,0,-59
259.5,0.2595,156,1,60,0,-59
260.0,0.26,156,1,60,0,-59
260.5,0.2605,156,1,60,0,-59
261.0,0.261,156,1,60,0,-59
261.5,0.2615,154,1,60,0,-59
262.0,0.262,154,1,60,0,-59
262.5,0.2625,154,1,60,0,-59
263.0,0.263,154,1,60,0,-59
263.5,0.2635,154,1,60,0,-59
264.0,0.264,149,1,57,0,-56
264.5,0.2645,148,1,57,0,-56
265.0,0.265,149,1,58,0,-57
265.5,0.2655,149,1,58,0,-57
266.0,0.266,150,1,59,0,-58
266.5,0.2665,151,1,60,0,-59
267.0,0.267,150,1,59,0,-58
267.5,0.2675,153,1,61,0,-60
268.0,0.268,153,1,61,0,-60
268.5,0.2685,155,1,62,0,-61
269.0,0.269,155,1,62,0,-61
269.5,0.2695,157,1,63,0,-62
270.0,0.27,157,1,63,0,-62
270.5,0.2705,157,1,63,0,-62
271.0,0.271,157,1,63,0,-62
271.5,0.2715,156,1,62,0,-61
272.0,0.272,156,1,62,0,-61
272.5,0.2725,156,1,62,0,-61
273.0,0.273,157,1,63,0,-62
273.5,0.2735,157,1,63,0,-62
274.0,0.274,154,1,61,0,-60
274.5,0.2745,151,1,61,0,-60
275.0,0.275,150,1,60,0,-59
275.5,0.2755,151,1,61,0,-60
276.0,0.276,152,1,62,0,-61
276.5,0.2765,152,1,62,0,-61
277.0,0.277,152,1,62,0,-61
277.5,0.2775,153,1,63,0,-62
278.0,0.278,154,1,63,0,-62
278.5,0.2785,154,1,63,0,-62
279.0,0.279,154,1,63,0,-62
279.5,0.2795,155,1,63,0,-62
280.0,0.28,157,1,63,0,-62
280.5,0.2805,157,1,63,0,-62
281.0,0.281,157,1,63,0,-62
281.5,0.2815,158,1,64,0,-63
282.0,0.282,158,1,64,0,-63
282.5,0.2825,158,1,64,0,-63
283.0,0.283,158,1,63,0,-62
283.5,0.2835,158,1,63,0,-62
284.0,0.284,160,1,64,0,-63
284.5,0.2845,157,1,62,0,-61
285.0,0.285,156,1,61,0,-60
285.5,0.2855,156,1,63,0,-62
286.0,0.286,155,1,63,0,-62
286.5,0.2865,153,1,62,0,-61
287.0,0.287,156,1,64,0,-63
287.5,0.2875,155,1,64,0,-63
288.0,0.288,156,1,65,0,-64
288.5,0.2885,155,1,64,0,-63
289.0,0.289,155,1,64,0,-63
289.5,0.2895,155,1,64,0,-63
290.0,0.29,155,1,64,0,-63
290.5,0.2905,158,1,65,0,-64
291.0,0.291,158,1,65,0,-64
291.5,0.2915,157,1,64,0,-63
292.0,0.292,157,1,64,0,-63
292.5,0.2925,156,1,63,0,-62
293.0,0.293,156,1,63,0,-62
293.5,0.2935,156,1,63,0,-62
294.0,0.294,156,1,63,0,-62
294.5,0.2945,153,1,61,0,-60
295.0,0.295,153,1,61,0,-60
295.5,0.2955,152,1,60,0,-59
296.0,0.296,152,1,60,0,-59
296.5,0.2965,152,1,60,0,-59
297.0,0.297,151,1,60,0,-59
297.5,0.2975,154,1,62,0,-61
298.0,0.298,154,1,62,0,-61
298.5,0.2985,154,1,62,0,-61
299.0,0.299,154,1,62,0,-61
299.5,0.2995,153,1,61,0,-60
300.0,0.3,153,1,61,0,-60
300.5,0.3005,154,1,61,0,-60
301.0,0.301,154,1,61,0,-60
301.5,0.3015,153,1,61,0,-60
302.0,0.302,153,1,61,0,-60
302.5,0.3025,153,1,61,0,-60
303.0,0.303,154,1,62,0,-61
303.5,0.3035,154,1,61,0,-60
304.0,0.304,154,1,61,0,-60
304.5,0.3045,148,1,57,0,-56
305.0,0.305,148,1,57,0,-56
305.5,0.3055,148,1,57,0,-56
306.0,0.306,149,1,58,0,-57
306.5,0.3065,149,1,58,0,-57
307.0,0.307,153,1,61,0,-60
307.5,0.3075,152,1,61,0,-60
308.0,0.308,153,1,61,0,-60
308.5,0.3085,152,1,61,0,-60
309.0,0.309,152,1,61,0,-60
309.5,0.3095,151,1,60,0,-59
310.0,0.31,152,1,60,0,-59
310.5,0.3105,153,1,60,0,-59
311.0,0.311,153,1,60,0,-59
311.5,0.3115,153,1,60,0,-59
312.0,0.312,152,1,59,0,-58
312.5,0.3125,154,1,61,0,-60
313.0,0.313,154,1,61,0,-60
313.5,0.3135,154,1,61,0,-60
314.0,0.314,154,1,62,0,-61
314.5,0.3145,152,1,61,0,-60
315.0,0.315,152,1,61,0,-60
315.5,0.3155,152,1,61,0,-60
316.0,0.316,153,1,61,0,-60
316.5,0.3165,157,1,64,0,-63
317.0,0.317,157,1,64,0,-63
317.5,0.3175,156,1,64,0,-63
318.0,0.318,156,1,64,0,-63
318.5,0.3185,156,1,64,0,-63
319.0,0.319,156,1,63,0,-62
319.5,0.3195,156,1,63,0,-62
320.0,0.32,157,1,63,0,-62
320.5,0.3205,157,1,63,0,-62
321.0,0.321,157,1,63,0,-62
321.5,0.3215,158,1,64,0,-63
322.0,0.322,157,1,64,0,-63
322.5,0.3225,157,1,64,0,-63
323.0,0.323,156,1,64,0,-63
323.5,0.3235,157,1,65,0,-64
324.0,0.324,156,1,64,0,-63
324.5,0.3245,156,1,64,0,-63
325.0,0.325,157,1,64,0,-63
325.5,0.3255,157,1,64,0,-63
326.0,0.326,157,1,65,0,-64
326.5,0.3265,157,1,65,0,-64
327.0,0.327,156,1,65,0,-64
327.5,0.3275,156,1,65,0,-64
328.0,0.328,156,1,65,0,-64
328.5,0.3285,157,1,65,0,-64
329.0,0.329,155,1,64,0,-63
329.5,0.3295,156,1,64,0,-63
330.0,0.33,157,1,64,0,-63
330.5,0.3305,156,1,63,0,-62
331.0,0.331,155,1,63,0,-62
331.5,0.3315,155,1,63,0,-62
332.0,0.332,155,1,63,0,-62
332.5,0.3325,155,1,63,0,-62
333.0,0.333,153,1,62,0,-61
333.5,0.3335,153,1,62,0,-61
334.0,0.334,153,1,62,0,-61
334.5,0.3345,153,1,62,0,-61
335.0,0.335,153,1,62,0,-61
335.5,0.3355,153,1,62,0,-61
336.0,0.336,154,1,63,0,-62
336.5,0.3365,154,1,63,0,-62
337.0,0.337,151,1,61,0,-60
337.5,0.3375,151,1,61,0,-60
338.0,0.338,151,1,61,0,-60
338.5,0.3385,151,1,61,0,-60
339.0,0.339,152,1,62,0,-61
339.5,0.3395,152,1,62,0,-61
340.0,0.34,155,1,64,0,-63
340.5,0.3405,155,1,64,0,-63
341.0,0.341,155,1,64,0,-63
341.5,0.3415,156,1,65,0,-64
342.0,0.342,155,1,64,0,-63
342.5,0.3425,156,1,65,0,-64
343.0,0.343,156,1,65,0,-64
343.5,0.3435,158,1,66,0,-65
344.0,0.344,157,1,65,0,-64
344.5,0.3445,155,1,64,0,-63
345.0,0.345,157,1,66,0,-65
345.5,0.3455,157,1,66,0,-65
346.0,0.346,157,1,66,0,-65
346.5,0.3465,157,1,66,0,-65
347.0,0.347,157,1,66,0,-65
347.5,0.3475,157,1,66,0,-65
348.0,0.348,158,1,66,0,-65
348.5,0.3485,158,1,66,0,-65
349.0,0.349,158,1,66,0,-65
349.5,0.3495,158,1,66,0,-65
350.0,0.35,160,1,67,0,-66
350.5,0.3505,160,1,67,0,-66
351.0,0.351,160,1,67,0,-66
351.5,0.3515,160,1,67,0,-66
352.0,0.352,160,1,67,0,-66
352.5,0.3525,161,1,68,0,-67
353.0,0.353,160,1,67,0,-66
353.5,0.3535,159,1,66,0,-65
354.0,0.354,160,1,66,0,-65
354.5,0.3545,162,1,66,0,-65
355.0,0.355,162,1,66,0,-65
355.5,0.3555,162,1,66,0,-65
356.0,0.356,162,1,66,0,-65
356.5,0.3565,162,1,66,0,-65
357.0,0.357,162,1,66,0,-65
357.5,0.3575,161,1,66,0,-65
358.0,0.358,160,1,65,0,-64
358.5,0.3585,160,1,65,0,-64
359.0,0.359,160,1,65,0,-64
359.5,0.3595,160,1,65,0,-64
360.0,0.36,162,1,66,0,-65
360.5,0.3605,162,1,66,0,-65
361.0,0.361,163,1,67,0,-66
361.5,0.3615,163,1,67,0,-66
362.0,0.362,163,1,67,0,-66
362.5,0.3625,163,1,67,0,-66
363.0,0.363,163,1,67,0,-66
363.5,0.3635,163,1,67,0,-66
364.0,0.364,163,1,67,0,-66
364.5,0.3645,164,1,68,0,-67
365.0,0.365,164,1,68,0,-67
365.5,0.3655,163,1,68,0,-67
366.0,0.366,163,1,68,0,-67
366.5,0.3665,163,1,68,0,-67
367.0,0.367,163,1,68,0,-67
367.5,0.3675,161,1,67,0,-66
368.0,0.368,161,1,67,0,-66
368.5,0.3685,161,1,67,0,-66
369.0,0.369,161,1,67,0,-66
369.5,0.3695,160,1,66,0,-65
370.0,0.37,160,1,66,0,-65
370.5,0.3705,160,1,66,0,-65
371.0,0.371,159,1,66,0,-65
371.5,0.3715,159,1,66,0,-65
372.0,0.372,159,1,66,0,-65
372.5,0.3725,159,1,66,0,-65
373.0,0.373,158,1,65,0,-64
373.5,0.3735,159,1,65,0,-64
374.0,0.374,160,1,66,0,-65
374.5,0.3745,160,1,66,0,-65
375.0,0.375,160,1,66,0,-65
375.5,0.3755,160,1,66,0,-65
376.0,0.376,160,1,66,0,-65
376.5,0.3765,160,1,66,0,-65
377.0,0.377,160,1,66,0,-65
377.5,0.3775,160,1,66,0,-65
378.0,0.378,158,1,65,0,-64
378.5,0.3785,158,1,65,0,-64
379.0,0.379,158,1,65,0,-64
379.5,0.3795,158,1,65,0,-64
380.0,0.38,159,1,66,0,-65
380.5,0.3805,159,1,66,0,-65
381.0,0.381,159,1,66,0,-65
381.5,0.3815,160,1,67,0,-66
382.0,0.382,160,1,67,0,-66
382.5,0.3825,159,1,66,0,-65
383.0,0.383,160,1,67,0,-66
383.5,0.3835,160,1,67,0,-66
384.0,0.384,160,1,67,0,-66
384.5,0.3845,161,1,67,0,-66
385.0,0.385,161,1,67,0,-66
385.5,0.3855,160,1,66,0,-65
386.0,0.386,160,1,66,0,-65
386.5,0.3865,162,1,67,0,-66
387.0,0.387,160,1,66,0,-65
387.5,0.3875,160,1,66,0,-65
388.0,0.388,158,1,65,0,-64
388.5,0.3885,159,1,65,0,-64
389.0,0.389,159,1,65,0,-64
389.5,0.3895,156,1,64,0,-63
390.0,0.39,156,1,64,0,-63
390.5,0.3905,157,1,65,0,-64
391.0,0.391,157,1,65,0,-64
391.5,0.3915,158,1,65,0,-64
392.0,0.392,158,1,65,0,-64
392.5,0.3925,158,1,65,0,-64
393.0,0.393,157,1,64,0,-63
393.5,0.3935,157,1,64,0,-63
394.0,0.394,156,1,63,0,-62
394.5,0.3945,156,1,64,0,-63
395.0,0.395,159,1,65,0,-64
395.5,0.3955,160,1,66,0,-65
396.0,0.396,160,1,66,0,-65
396.5,0.3965,159,1,65,0,-64
397.0,0.397,159,1,65,0,-64
397.5,0.3975,158,1,65,0,-64
398.0,0.398,160,1,65,0,-64
398.5,0.3985,160,1,64,0,-63
399.0,0.399,160,1,64,0,-63
399.5,0.3995,162,1,65,0,-64
400.0,0.4,162,1,65,0,-64
400.5,0.4005,159,1,65,0,-64
401.0,0.401,160,1,66,0,-65
401.5,0.4015,162,1,68,0,-67
402.0,0.402,162,1,68,0,-67
402.5,0.4025,162,1,68,0,-67
403.0,0.403,162,1,68,0,-67
403.5,0.4035,161,1,67,0,-66
404.0,0.404,161,1,67,0,-66
404.5,0.4045,162,1,67,0,-66
405.0,0.405,163,1,67,0,-66
405.5,0.4055,162,1,67,0,-66
406.0,0.406,162,1,67,0,-66
406.5,0.4065,163,1,67,0,-66
407.0,0.407,163,1,67,0,-66
407.5,0.4075,165,1,68,0,-67
408.0,0.408,164,1,68,0,-67
408.5,0.4085,164,1,68,0,-67
409.0,0.409,163,1,68,0,-67
409.5,0.4095,163,1,68,0,-67
410.0,0.41,163,1,68,0,-67
410.5,0.4105,165,1,69,0,-68
411.0,0.411,165,1,69,0,-68
411.5,0.4115,165,1,69,0,-68
412.0,0.412,165,1,69,0,-68
412.5,0.4125,165,1,69,0,-68
413.0,0.413,164,1,69,0,-68
413.5,0.4135,164,1,69,0,-68
414.0,0.414,163,1,68,0,-67
414.5,0.4145,164,1,68,0,-67
415.0,0.415,164,1,68,0,-67
415.5,0.4155,163,1,68,0,-67
416.0,0.416,164,1,68,0,-67
416.5,0.4165,164,1,68,0,-67
417.0,0.417,164,1,68,0,-67
417.5,0.4175,163,1,68,0,-67
418.0,0.418,164,1,68,0,-67
418.5,0.4185,161,2,67,0,-65
419.0,0.419,160,2,66,0,-64
419.5,0.4195,162,1,66,0,-65
420.0,0.42,162,1,66,0,-65
420.5,0.4205,164,1,66,0,-65
421.0,0.421,164,1,66,0,-65
421.5,0.4215,167,1,68,0,-67
422.0,0.422,167,1,68,0,-67
422.5,0.4225,167,1,70,0,-69
423.0,0.423,167,1,70,0,-69
423.5,0.4235,167,1,70,0,-69
424.0,0.424,167,1,70,0,-69
424.5,0.4245,166,1,69,0,-68
425.0,0.425,166,1,69,0,-68
425.5,0.4255,166,1,69,0,-68
426.0,0.426,166,1,69,0,-68
426.5,0.4265,162,1,67,0,-66
427.0,0.427,162,1,67,0,-66
427.5,0.4275,161,1,67,0,-66
428.0,0.428,161,1,67,0,-66
428.5,0.4285,161,1,67,0,-66
429.0,0.429,161,1,67,0,-66
429.5,0.4295,160,1,66,0,-65
430.0,0.43,160,1,66,0,-65
430.5,0.4305,157,1,65,0,-64
431.0,0.431,156,1,64,0,-63
431.5,0.4315,158,1,65,0,-64
432.0,0.432,158,1,65,0,-64
432.5,0.4325,157,1,64,0,-63
433.0,0.433,157,1,64,0,-63
433.5,0.4335,157,1,64,0,-63
434.0,0.434,160,1,65,0,-64
434.5,0.4345,161,1,65,0,-64
435.0,0.435,161,1,65,0,-64
435.5,0.4355,161,1,65,0,-64
436.0,0.436,162,1,65,0,-64
436.5,0.4365,161,1,64,0,-63
437.0,0.437,161,1,64,0,-63
437.5,0.4375,160,1,64,0,-63
438.0,0.438,159,1,63,0,-62
438.5,0.4385,159,1,63,0,-62
439.0,0.439,159,1,63,0,-62
439.5,0.4395,158,1,62,0,-61
440.0,0.44,155,1,61,0,-60
440.5,0.4405,155,1,61,0,-60
441.0,0.441,155,1,61,0,-60
441.5,0.4415,154,1,61,0,-60
442.0,0.442,154,1,61,0,-60
442.5,0.4425,154,1,61,0,-60
443.0,0.443,154,1,61,0,-60
443.5,0.4435,154,1,61,0,-60
444.0,0.444,151,1,59,0,-58
444.5,0.4445,151,1,59,0,-58
445.0,0.445,151,1,59,0,-58
445.5,0.4455,153,1,60,0,-59
446.0,0.446,153,1,60,0,-59
446.5,0.4465,153,1,60,0,-59
447.0,0.447,152,1,60,0,-59
447.5,0.4475,152,1,60,0,-59
448.0,0.448,155,1,62,0,-61
448.5,0.4485,158,1,63,0,-62
449.0,0.449,158,1,63,0,-62
449.5,0.4495,159,1,64,0,-63
450.0,0.45,159,1,64,0,-63
450.5,0.4505,159,1,64,0,-63
451.0,0.451,160,1,65,0,-64
451.5,0.4515,160,1,65,0,-64
452.0,0.452,160,1,65,0,-64
452.5,0.4525,160,1,65,0,-64
453.0,0.453,160,1,65,0,-64
453.5,0.4535,160,1,65,0,-64
454.0,0.454,160,1,65,0,-64
454.5,0.4545,161,1,65,0,-64
455.0,0.455,161,1,65,0,-64
455.5,0.4555,159,1,63,0,-62
456.0,0.456,159,1,63,0,-62
456.5,0.4565,160,1,64,0,-63
457.0,0.457,160,1,64,0,-63
457.5,0.4575,161,1,65,0,-64
458.0,0.458,161,1,65,0,-64
458.5,0.4585,161,1,65,0,-64
459.0,0.459,161,1,65,0,-64
459.5,0.4595,161,1,65,0,-64
460.0,0.46,161,1,65,0,-64
460.5,0.4605,161,1,65,0,-64
461.0,0.461,163,1,66,0,-65
461.5,0.4615,163,1,66,0,-65
462.0,0.462,163,1,66,0,-65
462.5,0.4625,164,1,66,0,-65
463.0,0.463,165,1,67,0,-66
463.5,0.4635,165,1,67,0,-66
464.0,0.464,165,1,67,0,-66
464.5,0.4645,165,1,67,0,-66
465.0,0.465,164,1,66,0,-65
465.5,0.4655,165,1,67,0,-66
466.0,0.466,164,1,67,0,-66
466.5,0.4665,165,1,68,0,-67
467.0,0.467,165,1,68,0,-67
467.5,0.4675,165,1,68,0,-67
468.0,0.468,165,1,68,0,-67
468.5,0.4685,166,1,69,0,-68
469.0,0.469,166,1,69,0,-68
469.5,0.4695,166,1,69,0,-68
470.0,0.47,166,1,69,0,-68
470.5,0.4705,166,1,69,0,-68
471.0,0.471,167,1,70,0,-69
471.5,0.4715,168,1,71,0,-70
472.0,0.472,167,1,70,0,-69
472.5,0.4725,167,1,70,0,-69
473.0,0.473,167,1,70,0,-69
473.5,0.4735,166,1,69,0,-68
474.0,0.474,167,1,70,0,-69
474.5,0.4745,167,1,70,0,-69
475.0,0.475,168,1,71,0,-70
475.5,0.4755,168,1,71,0,-70
476.0,0.476,167,1,72,0,-71
476.5,0.4765,163,1,69,0,-68
477.0,0.477,163,1,69,0,-68
477.5,0.4775,163,1,69,0,-68
478.0,0.478,166,1,71,0,-70
478.5,0.4785,164,1,69,0,-68
479.0,0.479,169,1,71,0,-70
479.5,0.4795,169,1,71,0,-70
480.0,0.48,169,1,71,0,-70
480.5,0.4805,169,1,71,0,-70
481.0,0.481,164,1,68,0,-67
481.5,0.4815,165,1,69,0,-68
482.0,0.482,165,1,67,0,-66
482.5,0.4825,164,1,66,0,-65
483.0,0.483,163,1,67,0,-66
483.5,0.4835,162,1,66,0,-65
484.0,0.484,160,1,64,0,-63
484.5,0.4845,161,1,65,0,-64
485.0,0.485,162,1,66,0,-65
485.5,0.4855,162,1,66,0,-65
486.0,0.486,162,1,66,0,-65
486.5,0.4865,162,1,66,0,-65
487.0,0.487,163,1,67,0,-66
487.5,0.4875,163,1,67,0,-66
488.0,0.488,162,1,66,0,-65
488.5,0.4885,162,1,66,0,-65
489.0,0.489,161,1,65,0,-64
489.5,0.4895,162,1,66,0,-65
490.0,0.49,162,1,66,0,-65
490.5,0.4905,161,1,66,0,-65
491.0,0.491,161,1,66,0,-65
491.5,0.4915,161,1,67,0,-66
492.0,0.492,161,1,67,0,-66
492.5,0.4925,161,1,67,0,-66
493.0,0.493,160,1,67,0,-66
493.5,0.4935,160,1,67,0,-66
494.0,0.494,160,1,67,0,-66
494.5,0.4945,160,1,67,0,-66
495.0,0.495,161,1,67,0,-66
495.5,0.4955,157,1,64,0,-63
496.0,0.496,152,1,60,0,-59
496.5,0.4965,155,1,62,0,-61
497.0,0.497,156,1,63,0,-62
497.5,0.4975,156,1,63,0,-62
498.0,0.498,155,1,62,0,-61
498.5,0.4985,155,1,62,0,-61
499.0,0.499,155,1,62,0,-61
499.5,0.4995,154,1,61,0,-60
500.0,0.5,154,1,61,0,-60
