time_fs,time_ps,PC1,PC2
0.0,0.0,0.20511502,0.3685579
0.5,0.0005,0.20511502,0.3685579
1.0,0.001,0.20511502,0.3685579
1.5,0.0015,0.16566017,0.20981136
2.0,0.002,-0.10192144,0.49016893
2.5,0.0025,0.32893348,-0.20386288
3.0,0.003,0.32893348,-0.20386288
3.5,0.0035,0.32893348,-0.20386288
4.0,0.004,-0.045346826,0.24038006
4.5,0.0045,-0.045346826,0.24038006
5.0,0.005,0.14922354,0.07974098
5.5,0.0055,-0.17208162,0.27717316
6.0,0.006,-0.17208162,0.27717316
6.5,0.0065,0.6429163,0.621914
7.0,0.007,0.29528883,0.6446339
7.5,0.0075,0.29528883,0.6446339
8.0,0.008,-0.3713663,1.2459459
8.5,0.0085,-0.3713663,1.2459459
9.0,0.009,-0.3713663,1.2459459
9.5,0.0095,-0.3532458,0.9850755
10.0,0.01,0.75541925,-0.33585635
10.5,0.0105,0.75541925,-0.33585635
11.0,0.011,0.75541925,-0.33585635
11.5,0.0115,0.4121674,0.2517122
12.0,0.012,-0.66811967,0.53870547
12.5,0.0125,-0.66811967,0.53870547
13.0,0.013,-0.66811967,0.53870547
13.5,0.0135,-0.01926899,-0.1760103
14.0,0.014,-0.01926899,-0.1760103
14.5,0.0145,-0.55887055,1.2770678
15.0,0.015,-0.55887055,1.2770678
15.5,0.0155,-0.7637086,1.2252295
16.0,0.016,-0.3235196,0.35781145
16.5,0.0165,-0.38721392,1.248166
17.0,0.017,-0.38721392,1.248166
17.5,0.0175,0.14846936,-0.31143236
18.0,0.018,0.08550656,0.2747571
18.5,0.0185,0.046051472,0.16053848
19.0,0.019,0.046051472,0.16053848
19.5,0.0195,0.37483954,0.08251926
20.0,0.02,0.37483954,0.08251926
20.5,0.0205,0.17912358,-0.4338685
21.0,0.021,-0.9695859,0.8329203
21.5,0.0215,-0.20306492,0.9672713
22.0,0.022,-0.20306492,0.9672713
22.5,0.0225,-0.27470073,0.96251094
23.0,0.023,0.8971269,0.5738183
23.5,0.0235,0.026383728,0.32950166
24.0,0.024,0.026383728,0.32950166
24.5,0.0245,0.5774606,0.41063464
25.0,0.025,0.5774606,0.41063464
25.5,0.0255,-0.48232904,0.06383592
26.0,0.026,0.37320998,0.033381432
26.5,0.0265,0.8798375,-0.16996461
27.0,0.027,0.061164707,0.41820768
27.5,0.0275,0.061164707,0.41820768
28.0,0.028,-0.6663537,0.03876269
28.5,0.0285,0.62000775,-0.12729834
29.0,0.029,0.3271544,0.81504583
29.5,0.0295,0.3271544,0.81504583
30.0,0.03,0.3271544,0.81504583
30.5,0.0305,0.5464988,0.9819689
31.0,0.031,0.26367044,0.41974792
31.5,0.0315,0.65738285,-0.4571177
32.0,0.032,0.5427855,1.0350689
32.5,0.0325,0.43897706,0.7276149
33.0,0.033,0.43897706,0.7276149
33.5,0.0335,0.43897706,0.7276149
34.0,0.034,0.7012948,0.45891395
34.5,0.0345,0.11976847,0.4892874
35.0,0.035,-0.39445904,0.18599945
35.5,0.0355,-0.66279495,-0.57093096
36.0,0.036,-0.9167644,-0.27205354
36.5,0.0365,-1.1035324,-0.44866666
37.0,0.037,-1.1035324,-0.44866666
37.5,0.0375,-0.42557415,-1.172631
38.0,0.038,-0.42557415,-1.172631
38.5,0.0385,-0.36607856,-1.2798587
39.0,0.039,-0.023957655,-0.10526775
39.5,0.0395,-0.07083899,-0.5173646
40.0,0.04,-0.1378223,-0.025427505
40.5,0.0405,0.8599665,-0.65539134
41.0,0.041,-0.73843586,-0.15917116
41.5,0.0415,0.22281715,-0.6736436
42.0,0.042,0.22281715,-0.6736436
42.5,0.0425,-0.24588296,0.0999749
43.0,0.043,0.34502786,0.6222136
43.5,0.0435,0.34502786,0.6222136
44.0,0.044,0.1174113,1.1796619
44.5,0.0445,0.5319097,0.9005281
45.0,0.045,-0.09121925,0.46878535
45.5,0.0455,0.7614614,0.6840707
46.0,0.046,0.061695896,0.60544527
46.5,0.0465,0.061695896,0.60544527
47.0,0.047,0.061695896,0.60544527
47.5,0.0475,0.24586463,0.38386253
48.0,0.048,-0.5865978,-0.19515145
48.5,0.0485,-0.5865978,-0.19515145
49.0,0.049,0.38594058,0.7417891
49.5,0.0495,0.26030675,0.5337405
50.0,0.05,0.6276064,0.93525517
50.5,0.0505,0.7931417,0.9972781
51.0,0.051,0.7931417,0.9972781
51.5,0.0515,0.47952738,0.98224807
52.0,0.052,0.47952738,0.98224807
52.5,0.0525,0.47952738,0.98224807
53.0,0.053,0.6024554,1.0212535
53.5,0.0535,-0.08010128,-0.2564837
54.0,0.054,-0.13888454,-0.07973173
54.5,0.0545,1.0441147,-0.45538548
55.0,0.055,0.7485676,0.4252523
55.5,0.0555,0.48891684,0.1291133
56.0,0.056,0.46415228,0.257163
56.5,0.0565,0.5351647,-0.12569956
57.0,0.057,1.019663,-0.01883617
57.5,0.0575,0.24958792,-0.19249421
58.0,0.058,0.23799518,0.14837022
58.5,0.0585,0.41438368,0.18908049
59.0,0.059,-0.3885462,-0.41073895
59.5,0.0595,-0.32659456,-0.09508169
60.0,0.06,-0.32659456,-0.09508169
60.5,0.0605,0.7655544,0.69530344
61.0,0.061,0.69639134,0.16954851
61.5,0.0615,0.69639134,0.16954851
62.0,0.062,0.36935964,-0.3679512
62.5,0.0625,0.36935964,-0.3679512
63.0,0.063,-0.81818426,-0.7670095
63.5,0.0635,0.80298114,-0.4207448
64.0,0.064,0.80298114,-0.4207448
64.5,0.0645,-0.54353356,0.7790892
65.0,0.065,1.1496935,-0.52049685
65.5,0.0655,1.4366481,0.027404297
66.0,0.066,0.91209984,-0.041173078
66.5,0.0665,0.91209984,-0.041173078
67.0,0.067,0.30989525,-0.181188
67.5,0.0675,0.8316406,-0.4055048
68.0,0.068,0.8316406,-0.4055048
68.5,0.0685,0.87446725,-0.640489
69.0,0.069,0.87446725,-0.640489
69.5,0.0695,0.6745677,0.48262474
70.0,0.07,1.2087085,-0.24668857
70.5,0.0705,1.2087085,-0.24668857
71.0,0.071,1.6123135,-0.29998645
71.5,0.0715,1.6123135,-0.29998645
72.0,0.072,1.6123135,-0.29998645
72.5,0.0725,1.6123135,-0.29998645
73.0,0.073,1.2362652,-0.31978148
73.5,0.0735,1.3321233,0.11517729
74.0,0.074,0.8112364,0.023503244
74.5,0.0745,0.3514852,-0.050200857
75.0,0.075,0.36520037,1.0091835
75.5,0.0755,0.36520037,1.0091835
76.0,0.076,0.67267656,0.11052732
76.5,0.0765,0.28359625,0.081470996
77.0,0.077,0.73267007,0.7862544
77.5,0.0775,0.73267007,0.7862544
78.0,0.078,0.73267007,0.7862544
78.5,0.0785,0.70325243,0.07637235
79.0,0.079,0.70325243,0.07637235
79.5,0.0795,0.70325243,0.07637235
80.0,0.08,0.59047544,1.2309968
80.5,0.0805,0.59047544,1.2309968
81.0,0.081,0.013763979,-0.15463108
81.5,0.0815,-0.68056047,-0.46152064
82.0,0.082,-0.4444913,0.14592478
82.5,0.0825,-0.63508844,0.052450284
83.0,0.083,-0.3263488,-0.44181517
83.5,0.0835,-0.3263488,-0.44181517
84.0,0.084,-0.3263488,-0.44181517
84.5,0.0845,-0.6169616,0.41013584
85.0,0.085,-0.1250863,0.7035147
85.5,0.0855,-0.1250863,0.7035147
86.0,0.086,-0.1250863,0.7035147
86.5,0.0865,-0.4886168,0.33459264
87.0,0.087,-0.4886168,0.33459264
87.5,0.0875,-0.26993388,0.8747325
88.0,0.088,0.18323013,0.4964064
88.5,0.0885,-0.30199072,0.7519131
89.0,0.089,-0.30199072,0.7519131
89.5,0.0895,0.44183013,0.5940647
90.0,0.09,-0.88298476,-0.074436024
90.5,0.0905,-0.96358705,-0.06893188
91.0,0.091,-0.9036243,-0.0918459
91.5,0.0915,-0.9036243,-0.0918459
92.0,0.092,-0.9036243,-0.0918459
92.5,0.0925,-0.5857421,-0.7233707
93.0,0.093,-0.5857421,-0.7233707
93.5,0.0935,-0.8207859,-0.4410837
94.0,0.094,-0.17109856,0.14100683
94.5,0.0945,-1.0531323,0.11021054
95.0,0.095,-0.38981578,0.56649804
95.5,0.0955,-0.7605598,0.8087851
96.0,0.096,-0.16904265,0.7135998
96.5,0.0965,0.41129962,0.2420303
97.0,0.097,-0.29778835,0.9242201
97.5,0.0975,-0.29778835,0.9242201
98.0,0.098,-0.5437138,-0.2738666
98.5,0.0985,-0.29778835,0.9242201
99.0,0.099,-0.8316053,-0.9392873
99.5,0.0995,-0.93802595,0.47990867
100.0,0.1,-0.81423366,0.21940567
100.5,0.1005,-0.6800095,0.1960505
101.0,0.101,-0.79937243,0.6202302
101.5,0.1015,-0.536839,0.18253344
102.0,0.102,-0.536839,0.18253344
102.5,0.1025,-0.536839,0.18253344
103.0,0.103,-0.23589054,0.57899797
103.5,0.1035,-0.9463608,-0.24761656
104.0,0.104,-0.9463608,-0.24761656
104.5,0.1045,-0.71460867,-0.16853935
105.0,0.105,-1.1373154,-0.2725288
105.5,0.1055,-1.1373154,-0.2725288
106.0,0.106,-0.2390208,0.6995455
106.5,0.1065,-0.22080302,0.72609186
107.0,0.107,-1.5813687,0.14486286
107.5,0.1075,-0.50227964,-0.63026416
108.0,0.108,-0.50227964,-0.63026416
108.5,0.1085,-0.82579863,0.30607605
109.0,0.109,-0.82579863,0.30607605
109.5,0.1095,-0.23001766,0.7887645
110.0,0.11,-0.23001766,0.7887645
110.5,0.1105,-0.8810792,1.0288156
111.0,0.111,-0.527323,0.15782404
111.5,0.1115,-1.0480883,0.74895465
112.0,0.112,-0.51923025,0.56905425
112.5,0.1125,-1.2050192,0.22995694
113.0,0.113,-0.8795644,0.60908484
113.5,0.1135,-0.6684556,0.5573963
114.0,0.114,-0.52534974,0.68664503
114.5,0.1145,-0.1330778,0.47384843
115.0,0.115,-0.6611419,0.1740379
115.5,0.1155,0.30224136,0.43808952
116.0,0.116,0.30224136,0.43808952
116.5,0.1165,0.20596308,0.40178803
117.0,0.117,0.20596308,0.40178803
117.5,0.1175,-0.77549934,-0.23018217
118.0,0.118,-0.67475307,0.040030435
118.5,0.1185,-0.49933925,1.0358312
119.0,0.119,-0.4733514,0.93398523
119.5,0.1195,-0.20474622,-0.4691668
120.0,0.12,-1.3785648,-0.40216973
120.5,0.1205,-0.24081519,-0.82039523
121.0,0.121,-1.1020305,-0.2605891
121.5,0.1215,0.32890218,-0.7627623
122.0,0.122,0.48477086,-0.054576397
122.5,0.1225,0.11681198,0.12932871
123.0,0.123,0.11681198,0.12932871
123.5,0.1235,0.11681198,0.12932871
124.0,0.124,0.11681198,0.12932871
124.5,0.1245,0.30589637,0.067045115
125.0,0.125,0.30589637,0.067045115
125.5,0.1255,0.37783048,-0.07827748
126.0,0.126,0.37783048,-0.07827748
126.5,0.1265,0.31669104,0.033587337
127.0,0.127,0.31669104,0.033587337
127.5,0.1275,1.3251586,-0.28102374
128.0,0.128,0.2885105,-0.56872106
128.5,0.1285,0.2885105,-0.56872106
129.0,0.129,0.52126384,-0.4205232
129.5,0.1295,0.52126384,-0.4205232
130.0,0.13,0.52126384,-0.4205232
130.5,0.1305,0.52126384,-0.4205232
131.0,0.131,0.22761688,-0.501863
131.5,0.1315,0.7055447,-0.5404177
132.0,0.132,1.1642994,-0.12783147
132.5,0.1325,1.3815806,-0.17224164
133.0,0.133,1.3434234,-0.37694463
133.5,0.1335,1.3434234,-0.37694463
134.0,0.134,1.5157084,-0.22229484
134.5,0.1345,1.5157084,-0.22229484
135.0,0.135,1.5157084,-0.22229484
135.5,0.1355,0.26070744,-0.46494398
136.0,0.136,1.4804524,-0.22469318
136.5,0.1365,1.4804524,-0.22469318
137.0,0.137,0.6379354,-0.17772914
137.5,0.1375,1.2459291,-0.42762917
138.0,0.138,1.1687299,-0.3243095
138.5,0.1385,1.1687299,-0.3243095
139.0,0.139,1.1687299,-0.3243095
139.5,0.1395,1.0103488,0.70088375
140.0,0.14,1.0103488,0.70088375
140.5,0.1405,1.0103488,0.70088375
141.0,0.141,1.3272874,-0.48082885
141.5,0.1415,0.59534454,1.2497904
142.0,0.142,1.3576297,-0.32301027
142.5,0.1425,1.4445689,-0.27659538
143.0,0.143,1.4296929,0.2759376
143.5,0.1435,1.3668348,0.30113795
144.0,0.144,1.4296929,0.2759376
144.5,0.1445,0.39892974,1.1341825
145.0,0.145,0.39892974,1.1341825
145.5,0.1455,0.39892974,1.1341825
146.0,0.146,1.4372828,0.5056867
146.5,0.1465,1.4372828,0.5056867
147.0,0.147,1.0404541,0.069762684
147.5,0.1475,1.5488894,-0.34420648
148.0,0.148,0.37954375,-0.086500466
148.5,0.1485,0.15411761,0.56783843
149.0,0.149,0.15411761,0.56783843
149.5,0.1495,0.10047063,0.3284418
150.0,0.15,1.629432,-0.37900415
150.5,0.1505,0.76853216,0.9364058
151.0,0.151,0.76853216,0.9364058
151.5,0.1515,0.76853216,0.9364058
152.0,0.152,1.4746878,-0.25207916
152.5,0.1525,1.4746878,-0.25207916
153.0,0.153,0.5742732,-0.030010238
153.5,0.1535,0.53598094,0.2727853
154.0,0.154,0.53598094,0.2727853
154.5,0.1545,0.59028196,0.13043644
155.0,0.155,1.274806,-0.09223704
155.5,0.1555,1.274806,-0.09223704
156.0,0.156,1.101648,-0.32498157
156.5,0.1565,1.101648,-0.32498157
157.0,0.157,1.101648,-0.32498157
157.5,0.1575,1.4414382,-0.11704293
158.0,0.158,1.4414382,-0.11704293
158.5,0.1585,1.4414382,-0.11704293
159.0,0.159,1.4170047,-0.40327772
159.5,0.1595,0.54874986,0.5408697
160.0,0.16,0.54874986,0.5408697
160.5,0.1605,0.54874986,0.5408697
161.0,0.161,0.5799591,0.6946105
161.5,0.1615,1.0811698,-0.24149051
162.0,0.162,0.1325709,0.13095279
162.5,0.1625,0.1325709,0.13095279
163.0,0.163,0.1325709,0.13095279
163.5,0.1635,0.49620232,0.007501729
164.0,0.164,-0.33397952,-0.02516418
164.5,0.1645,-0.6104624,0.44355828
165.0,0.165,-0.6104624,0.44355828
165.5,0.1655,-0.6104624,0.44355828
166.0,0.166,-0.6104624,0.44355828
166.5,0.1665,-0.1603001,0.9049766
167.0,0.167,-0.27748308,0.4773697
167.5,0.1675,-0.5214884,1.1327883
168.0,0.168,-0.17370734,0.2559771
168.5,0.1685,-0.25704798,0.22548863
169.0,0.169,-0.7398032,0.46863234
169.5,0.1695,-0.7398032,0.46863234
170.0,0.17,-0.64277315,0.7814573
170.5,0.1705,-0.35332516,-0.2273952
171.0,0.171,-0.54922307,0.8952416
171.5,0.1715,-0.5345627,-0.22947058
172.0,0.172,-0.14717242,0.076942585
172.5,0.1725,-0.9841852,-0.09528917
173.0,0.173,0.029204667,-0.48276177
173.5,0.1735,0.029204667,-0.48276177
174.0,0.174,-0.56675434,0.25496396
174.5,0.1745,-0.73429585,0.85309947
175.0,0.175,-0.61075485,0.1637146
175.5,0.1755,-0.6177217,0.21819279
176.0,0.176,-0.038934737,0.049566537
176.5,0.1765,0.0435514,1.001687
177.0,0.177,0.0435514,1.001687
177.5,0.1775,0.42545614,0.47874755
178.0,0.178,0.42545614,0.47874755
178.5,0.1785,-0.37780878,0.034610193
179.0,0.179,-0.73185813,0.42205372
179.5,0.1795,-0.6794752,0.72268426
180.0,0.18,0.050375015,0.45026803
180.5,0.1805,-0.06968711,0.38048512
181.0,0.181,-0.06968711,0.38048512
181.5,0.1815,-0.06968711,0.38048512
182.0,0.182,-0.43664423,-0.019464001
182.5,0.1825,-1.181889,0.07164674
183.0,0.183,-1.181889,0.07164674
183.5,0.1835,-0.47469112,0.5679594
184.0,0.184,0.32625002,0.8119787
184.5,0.1845,-0.23055214,-0.22512886
185.0,0.185,-0.43671986,0.5227965
185.5,0.1855,-0.81560683,0.7450448
186.0,0.186,-0.81560683,0.7450448
186.5,0.1865,-0.81560683,0.7450448
187.0,0.187,-0.45892712,0.97078943
187.5,0.1875,-0.7445848,-0.211963
188.0,0.188,-0.7445848,-0.211963
188.5,0.1885,-0.5772102,0.8372067
189.0,0.189,-0.7214395,-0.2583277
189.5,0.1895,-0.07978068,0.19927773
190.0,0.19,-0.07978068,0.19927773
190.5,0.1905,-0.3708748,0.6811118
191.0,0.191,-0.3708748,0.6811118
191.5,0.1915,-0.8025001,0.55228746
192.0,0.192,-0.8025001,0.55228746
192.5,0.1925,-0.39061698,0.55303645
193.0,0.193,-0.4186149,-0.60346234
193.5,0.1935,-0.4186149,-0.60346234
194.0,0.194,-0.4186149,-0.60346234
194.5,0.1945,-0.4186149,-0.60346234
195.0,0.195,-0.29051143,-0.6878488
195.5,0.1955,-0.29051143,-0.6878488
196.0,0.196,-0.36286983,-0.0034687147
196.5,0.1965,-0.08559099,0.07584317
197.0,0.197,-0.60355115,0.86871386
197.5,0.1975,-0.7011732,0.15872473
198.0,0.198,-0.51405835,0.15210727
198.5,0.1985,-0.30796507,0.73805034
199.0,0.199,-0.8086221,-0.31886843
199.5,0.1995,-0.6917001,-0.30856758
200.0,0.2,-0.82698643,-0.3525919
200.5,0.2005,-0.83023787,0.42999545
201.0,0.201,-0.83023787,0.42999545
201.5,0.2015,-0.019711629,0.5533668
202.0,0.202,-0.019711629,0.5533668
202.5,0.2025,-0.94018245,0.8866986
203.0,0.203,-0.94018245,0.8866986
203.5,0.2035,-0.94018245,0.8866986
204.0,0.204,-0.7046355,0.31261262
204.5,0.2045,0.2692511,0.08503903
205.0,0.205,-0.55547166,0.19825046
205.5,0.2055,-0.57817554,-0.72602236
206.0,0.206,-0.57817554,-0.72602236
206.5,0.2065,-0.48330638,0.10282263
207.0,0.207,-0.48330638,0.10282263
207.5,0.2075,-0.48330638,0.10282263
208.0,0.208,-0.7409172,-0.13423932
208.5,0.2085,-0.7409172,-0.13423932
209.0,0.209,-0.32919204,0.09317395
209.5,0.2095,-0.14730188,-0.5354736
210.0,0.21,-0.14730188,-0.5354736
210.5,0.2105,-0.38785586,0.021423943
211.0,0.211,0.17172876,0.04892172
211.5,0.2115,0.17172876,0.04892172
212.0,0.212,-0.5528779,-0.18976608
212.5,0.2125,-1.2764506,-0.23638639
213.0,0.213,-0.29050872,-0.74635816
213.5,0.2135,-0.92052054,0.29804385
214.0,0.214,-1.0145115,-0.6925925
214.5,0.2145,-0.015324324,-0.14231545
215.0,0.215,-0.015324324,-0.14231545
215.5,0.2155,-0.015324324,-0.14231545
216.0,0.216,-0.4063969,0.111610584
216.5,0.2165,-0.22104827,-0.05996023
217.0,0.217,-0.22104827,-0.05996023
217.5,0.2175,-0.22104827,-0.05996023
218.0,0.218,-0.22104827,-0.05996023
218.5,0.2185,-0.22104827,-0.05996023
219.0,0.219,-0.22104827,-0.05996023
219.5,0.2195,-0.22104827,-0.05996023
220.0,0.22,-1.2129803,-0.33616087
220.5,0.2205,-1.2129803,-0.33616087
221.0,0.221,-0.81099164,0.018572815
221.5,0.2215,-0.81099164,0.018572815
222.0,0.222,-0.81099164,0.018572815
222.5,0.2225,-1.2640548,0.04858035
223.0,0.223,-0.6951119,0.33704475
223.5,0.2235,0.0687606,0.50965667
224.0,0.224,0.5742331,0.08888115
224.5,0.2245,0.5742331,0.08888115
225.0,0.225,-0.2777485,-1.3565229
225.5,0.2255,-0.53795874,-1.0116273
226.0,0.226,0.05136442,0.83287585
226.5,0.2265,0.05136442,0.83287585
227.0,0.227,0.05136442,0.83287585
227.5,0.2275,-0.42192867,0.4510902
228.0,0.228,0.22831546,-0.41497228
228.5,0.2285,0.13259885,-0.43648377
229.0,0.229,0.13262759,-0.33767962
229.5,0.2295,-0.0853568,-0.38047317
230.0,0.23,0.7687564,-0.35535547
230.5,0.2305,-0.5825741,0.43674836
231.0,0.231,-0.5825741,0.43674836
231.5,0.2315,0.8548639,0.11344977
232.0,0.232,0.98090243,0.583364
232.5,0.2325,0.8435384,0.3239527
233.0,0.233,0.5526098,0.5261916
233.5,0.2335,0.5526098,0.5261916
234.0,0.234,-0.09121807,-0.24600396
234.5,0.2345,-0.865386,-0.13654353
235.0,0.235,-0.865386,-0.13654353
235.5,0.2355,-0.1235095,-0.010389648
236.0,0.236,0.030254826,0.19534345
236.5,0.2365,-0.39639416,-0.1213675
237.0,0.237,-0.39639416,-0.1213675
237.5,0.2375,0.2458643,0.55535173
238.0,0.238,0.71374655,0.87098014
238.5,0.2385,0.36650214,0.19916897
239.0,0.239,-0.55658853,-0.4206574
239.5,0.2395,-0.55658853,-0.4206574
240.0,0.24,0.008440971,0.033835813
240.5,0.2405,0.008440971,0.033835813
241.0,0.241,-0.014942676,0.8661305
241.5,0.2415,-0.6682155,-0.92015517
242.0,0.242,0.5897678,-0.9013046
242.5,0.2425,-0.33926755,-1.1714182
243.0,0.243,-0.2458596,-1.2133139
243.5,0.2435,0.8231826,-0.20489392
244.0,0.244,-0.62703514,-0.7410779
244.5,0.2445,-0.62703514,-0.7410779
245.0,0.245,0.53310746,-0.5808525
245.5,0.2455,0.2453792,-0.71362185
246.0,0.246,0.2521037,-0.6316211
246.5,0.2465,-0.98590565,0.30000752
247.0,0.247,-0.98590565,0.30000752
247.5,0.2475,0.36611143,0.88805234
248.0,0.248,0.029678896,0.163433
248.5,0.2485,0.029678896,0.163433
249.0,0.249,0.6018399,0.3888965
249.5,0.2495,-0.44368932,0.004708741
250.0,0.25,0.11516553,-0.25489822
250.5,0.2505,0.11516553,-0.25489822
251.0,0.251,0.11516553,-0.25489822
251.5,0.2515,-0.32755595,-0.14628156
252.0,0.252,0.7461548,0.10522467
252.5,0.2525,-0.9587977,-0.48819992
253.0,0.253,-0.2584905,-1.155255
253.5,0.2535,-0.2584905,-1.155255
254.0,0.254,0.0918552,-0.45975605
254.5,0.2545,0.7656449,-0.5540378
255.0,0.255,0.21288037,0.7857102
255.5,0.2555,-0.23305535,-1.4010686
256.0,0.256,-0.23305535,-1.4010686
256.5,0.2565,0.49357194,-0.3565049
257.0,0.257,0.49357194,-0.3565049
257.5,0.2575,-0.21422508,1.3294874
258.0,0.258,-0.02098529,-0.61707616
258.5,0.2585,-0.12919222,-0.056625143
259.0,0.259,-0.099257424,0.54587865
259.5,0.2595,0.80688524,0.13466388
260.0,0.26,0.7788787,-0.50970006
260.5,0.2605,0.7788787,-0.50970006
261.0,0.261,0.7788787,-0.50970006
261.5,0.2615,0.038016096,-0.14194301
262.0,0.262,0.24347988,0.08125371
262.5,0.2625,0.26366484,0.30953842
263.0,0.263,0.45766482,1.2433542
263.5,0.2635,0.45766482,1.2433542
264.0,0.264,0.2827525,1.1335613
264.5,0.2645,0.67645574,0.6638378
265.0,0.265,0.3191727,-0.513173
265.5,0.2655,0.3191727,-0.513173
266.0,0.266,0.3191727,-0.513173
266.5,0.2665,0.58033466,0.05601281
267.0,0.267,0.048965104,-0.10974175
267.5,0.2675,-0.6720525,0.3447581
268.0,0.268,-0.38779405,0.19839126
268.5,0.2685,-0.38779405,0.19839126
269.0,0.269,0.20334521,0.08466354
269.5,0.2695,0.18845212,-0.45994022
270.0,0.27,0.60820055,-0.55192363
270.5,0.2705,0.60820055,-0.55192363
271.0,0.271,0.60820055,-0.55192363
271.5,0.2715,0.60820055,-0.55192363
272.0,0.272,-0.06865749,-0.3393668
272.5,0.2725,-0.63463616,0.48344722
273.0,0.273,-0.63463616,0.48344722
273.5,0.2735,-0.35556462,-0.1829302
274.0,0.274,-0.35556462,-0.1829302
274.5,0.2745,-0.7794323,-0.996184
275.0,0.275,-0.7794323,-0.996184
275.5,0.2755,-0.7794323,-0.996184
276.0,0.276,0.05332595,-0.20314685
276.5,0.2765,0.9018742,-0.4079675
277.0,0.277,-0.15180987,0.7975198
277.5,0.2775,-0.15180987,0.7975198
278.0,0.278,-0.44334015,0.723063
278.5,0.2785,-0.9137739,0.6869823
279.0,0.279,0.44981954,0.17861387
279.5,0.2795,0.44981954,0.17861387
280.0,0.28,-0.9794457,-0.36063126
280.5,0.2805,-0.9794457,-0.36063126
281.0,0.281,-0.9794457,-0.36063126
281.5,0.2815,0.030578114,0.054174006
282.0,0.282,0.030578114,0.054174006
282.5,0.2825,0.030578114,0.054174006
283.0,0.283,0.5367721,0.0015477687
283.5,0.2835,-0.23741606,0.13733263
284.0,0.284,0.36654705,-0.45276263
284.5,0.2845,0.36654705,-0.45276263
285.0,0.285,-0.33398727,-0.18054199
285.5,0.2855,-0.31488946,-0.28236255
286.0,0.286,-0.24284363,-0.32023355
286.5,0.2865,-0.9469824,0.030075237
287.0,0.287,-0.9469824,0.030075237
287.5,0.2875,-0.92606306,-0.8960067
288.0,0.288,-0.92606306,-0.8960067
288.5,0.2885,-0.92606306,-0.8960067
289.0,0.289,0.13909474,-0.123840526
289.5,0.2895,0.57707,-0.5788206
290.0,0.29,-0.2117233,-0.06557773
290.5,0.2905,-0.5776607,-0.7017199
291.0,0.291,-0.49970105,-0.7121841
291.5,0.2915,-0.1072934,-0.17873502
292.0,0.292,-0.1072934,-0.17873502
292.5,0.2925,-0.8546872,-0.47914425
293.0,0.293,-0.3877994,-0.7642864
293.5,0.2935,-0.3877994,-0.7642864
294.0,0.294,-0.3877994,-0.7642864
294.5,0.2945,-0.018072277,-0.37987748
295.0,0.295,-0.3516986,0.016333092
295.5,0.2955,-0.24941942,0.30490577
296.0,0.296,-0.24941942,0.30490577
296.5,0.2965,-0.74443936,0.36122292
297.0,0.297,-0.74443936,0.36122292
297.5,0.2975,-0.5215492,-0.034278616
298.0,0.298,-0.5215492,-0.034278616
298.5,0.2985,0.42364043,0.504743
299.0,0.299,0.42364043,0.504743
299.5,0.2995,-0.89201355,-0.22443011
300.0,0.3,-0.89201355,-0.22443011
300.5,0.3005,-0.021093145,0.02255968
301.0,0.301,0.13888934,-0.11542499
301.5,0.3015,-0.18925789,-0.4276135
302.0,0.302,-0.18925789,-0.4276135
302.5,0.3025,-0.18925789,-0.4276135
303.0,0.303,-0.18925789,-0.4276135
303.5,0.3035,-0.50377727,0.114204995
304.0,0.304,-0.87326896,-0.042292595
304.5,0.3045,-0.87326896,-0.042292595
305.0,0.305,-1.3368183,0.30322132
305.5,0.3055,-0.35669222,0.0030137748
306.0,0.306,-0.71599317,0.2920243
306.5,0.3065,-0.8920324,-0.42684647
307.0,0.307,-0.8920324,-0.42684647
307.5,0.3075,-0.8920324,-0.42684647
308.0,0.308,-0.0037361532,-0.33988446
308.5,0.3085,0.40229115,-0.74517596
309.0,0.309,0.40229115,-0.74517596
309.5,0.3095,-0.42577276,-0.7692851
310.0,0.31,-0.42577276,-0.7692851
310.5,0.3105,-0.6157192,-0.3312465
311.0,0.311,-0.73847294,-0.33522213
311.5,0.3115,-0.73847294,-0.33522213
312.0,0.312,-0.73847294,-0.33522213
312.5,0.3125,0.8602295,-0.7670399
313.0,0.313,0.8602295,-0.7670399
313.5,0.3135,-0.42299464,-0.7003162
314.0,0.314,-0.42299464,-0.7003162
314.5,0.3145,-0.34778062,-0.98489
315.0,0.315,-0.34778062,-0.98489
315.5,0.3155,0.35312474,0.06369019
316.0,0.316,0.43674132,0.3367619
316.5,0.3165,-0.5545534,0.19135526
317.0,0.317,0.20797096,-1.2967876
317.5,0.3175,0.20797096,-1.2967876
318.0,0.318,0.47170237,-0.33008894
318.5,0.3185,-0.11622918,-1.3968062
319.0,0.319,-0.1248931,-0.37321278
319.5,0.3195,0.76190424,0.5227342
320.0,0.32,0.2387299,-0.17418653
320.5,0.3205,0.2387299,-0.17418653
321.0,0.321,0.039556623,0.9240483
321.5,0.3215,0.039556623,0.9240483
322.0,0.322,0.039556623,0.9240483
322.5,0.3225,0.66308033,0.57226515
323.0,0.323,0.45324704,0.7738632
323.5,0.3235,0.16606936,0.3366589
324.0,0.324,-0.1285316,0.015007645
324.5,0.3245,0.16732939,-0.41202995
325.0,0.325,0.16732939,-0.41202995
325.5,0.3255,0.16732939,-0.41202995
326.0,0.326,0.047037393,-0.35546246
326.5,0.3265,-0.6580714,0.16177315
327.0,0.327,-0.6313387,0.2881109
327.5,0.3275,0.73998153,0.23839584
328.0,0.328,-1.4797462,0.65183806
328.5,0.3285,-1.0165788,-0.7863723
329.0,0.329,-1.0165788,-0.7863723
329.5,0.3295,-0.09827766,0.023686595
330.0,0.33,0.6528219,-0.75879264
330.5,0.3305,-0.42764643,0.00750874
331.0,0.331,-0.42764643,0.00750874
331.5,0.3315,0.05330059,-0.4504095
332.0,0.332,0.37267348,0.8873495
332.5,0.3325,-0.8474401,-0.019566402
333.0,0.333,-0.8474401,-0.019566402
333.5,0.3335,0.51876163,-0.29407057
334.0,0.334,-0.653721,-0.25026914
334.5,0.3345,-0.0039259493,0.04118813
335.0,0.335,-0.9088527,0.31918064
335.5,0.3355,-0.9088527,0.31918064
336.0,0.336,-0.44217995,-0.15240805
336.5,0.3365,-0.30315244,-0.56994355
337.0,0.337,0.6734493,0.3611888
337.5,0.3375,0.5892811,0.36853772
338.0,0.338,0.7540264,-0.099322796
338.5,0.3385,0.4903124,-0.4425622
339.0,0.339,-0.3172833,-0.24693969
339.5,0.3395,-0.3172833,-0.24693969
340.0,0.34,-0.94522107,-0.24352416
340.5,0.3405,0.5942948,0.08872764
341.0,0.341,0.6362313,0.43817672
341.5,0.3415,-0.6067579,0.27749637
342.0,0.342,0.5867985,-0.40579423
342.5,0.3425,0.5867985,-0.40579423
343.0,0.343,0.5867985,-0.40579423
343.5,0.3435,-0.021734089,-0.1788911
344.0,0.344,0.61656547,-0.04949195
344.5,0.3445,0.61656547,-0.04949195
345.0,0.345,0.800691,-0.50984645
345.5,0.3455,0.800691,-0.50984645
346.0,0.346,-0.17505524,0.43512514
346.5,0.3465,-0.30827564,0.17506611
347.0,0.347,-0.8587997,-0.57851124
347.5,0.3475,-0.8587997,-0.57851124
348.0,0.348,-0.5931655,0.26810718
348.5,0.3485,-0.25864494,0.004127443
349.0,0.349,-0.19355434,0.33411095
349.5,0.3495,0.7534199,1.2631611
350.0,0.35,-0.22176096,0.93928826
350.5,0.3505,-0.22176096,0.93928826
351.0,0.351,-0.49834052,0.3368777
351.5,0.3515,-0.49834052,0.3368777
352.0,0.352,-0.49834052,0.3368777
352.5,0.3525,-0.20814434,0.22016555
353.0,0.353,-0.057604015,-0.23267567
353.5,0.3535,-0.057604015,-0.23267567
354.0,0.354,-0.51056325,-0.055202737
354.5,0.3545,-0.51056325,-0.055202737
355.0,0.355,0.31050074,-0.3661392
355.5,0.3555,0.31050074,-0.3661392
356.0,0.356,-0.44409308,0.56172585
356.5,0.3565,0.22400129,0.5733081
357.0,0.357,0.33167583,0.70620096
357.5,0.3575,0.14015421,-0.3318005
358.0,0.358,-0.6563761,-0.5000483
358.5,0.3585,-0.6563761,-0.5000483
359.0,0.359,-0.19030249,-0.4177042
359.5,0.3595,0.25869462,-0.17789827
360.0,0.36,-0.37186763,-0.020331904
360.5,0.3605,-0.37186763,-0.020331904
361.0,0.361,-0.8762857,-0.51160014
361.5,0.3615,-0.8762857,-0.51160014
362.0,0.362,-0.7287307,-0.92911446
362.5,0.3625,-0.7287307,-0.92911446
363.0,0.363,-0.7287307,-0.92911446
363.5,0.3635,-0.7287307,-0.92911446
364.0,0.364,0.30587214,0.24326357
364.5,0.3645,-0.4773846,-0.7565857
365.0,0.365,-0.2856622,0.7621001
365.5,0.3655,-0.10664399,0.39436278
366.0,0.366,-0.27688295,-0.48620978
366.5,0.3665,-0.5119355,-0.3703402
367.0,0.367,0.52776206,-0.08591071
367.5,0.3675,0.52776206,-0.08591071
368.0,0.368,-0.5404217,0.16502777
368.5,0.3685,0.0844879,0.14020726
369.0,0.369,0.8630929,0.3191949
369.5,0.3695,-0.80247724,0.16621327
370.0,0.37,0.56921864,0.23712277
370.5,0.3705,0.56921864,0.23712277
371.0,0.371,0.35680562,-0.26764455
371.5,0.3715,0.35680562,-0.26764455
372.0,0.372,-0.8943809,0.5309229
372.5,0.3725,-0.8943809,0.5309229
373.0,0.373,-0.71067023,0.5402349
373.5,0.3735,-0.71067023,0.5402349
374.0,0.374,-0.71067023,0.5402349
374.5,0.3745,-0.28875193,0.10852128
375.0,0.375,0.8473648,-0.034059465
375.5,0.3755,1.0431064,0.123768926
376.0,0.376,1.0431064,0.123768926
376.5,0.3765,0.18053858,-0.9227048
377.0,0.377,-1.2412117,-0.089925915
377.5,0.3775,-0.3004294,-0.32129022
378.0,0.378,-0.5389495,-0.24081719
378.5,0.3785,-0.33810073,0.12118609
379.0,0.379,-0.33810073,0.12118609
379.5,0.3795,-0.33810073,0.12118609
380.0,0.38,0.609746,0.38579205
380.5,0.3805,0.609746,0.38579205
381.0,0.381,0.1249809,0.2018134
381.5,0.3815,0.29438442,-0.027254462
382.0,0.382,0.29438442,-0.027254462
382.5,0.3825,0.29438442,-0.027254462
383.0,0.383,0.29438442,-0.027254462
383.5,0.3835,0.29438442,-0.027254462
384.0,0.384,0.29438442,-0.027254462
384.5,0.3845,0.29438442,-0.027254462
385.0,0.385,0.29438442,-0.027254462
385.5,0.3855,0.36474928,0.03991644
386.0,0.386,0.36474928,0.03991644
386.5,0.3865,0.13315482,-0.6081555
387.0,0.387,0.13315482,-0.6081555
387.5,0.3875,0.7629616,0.590698
388.0,0.388,0.7629616,0.590698
388.5,0.3885,0.7629616,0.590698
389.0,0.389,0.7629616,0.590698
389.5,0.3895,0.7629616,0.590698
390.0,0.39,0.7629616,0.590698
390.5,0.3905,0.7629616,0.590698
391.0,0.391,0.7629616,0.590698
391.5,0.3915,0.13418461,-0.41321316
392.0,0.392,0.13418461,-0.41321316
392.5,0.3925,-0.06307539,0.041765615
393.0,0.393,-0.054713756,0.11339146
393.5,0.3935,-0.054713756,0.11339146
394.0,0.394,0.1860008,0.5786376
394.5,0.3945,0.096304655,0.41906044
395.0,0.395,0.16274938,-0.26219642
395.5,0.3955,0.065752715,-0.4683245
396.0,0.396,0.08899912,-0.37909368
396.5,0.3965,-0.80984783,-1.023645
397.0,0.397,0.8362793,-0.6844418
397.5,0.3975,0.8362793,-0.6844418
398.0,0.398,0.09746884,0.3778372
398.5,0.3985,-0.34864637,-0.6985433
399.0,0.399,-0.8305038,-0.74023104
399.5,0.3995,-0.22745267,-1.5452847
400.0,0.4,-0.35987166,-0.86927176
400.5,0.4005,0.2567618,-0.99971294
401.0,0.401,0.2567618,-0.99971294
401.5,0.4015,0.2567618,-0.99971294
402.0,0.402,0.2567618,-0.99971294
402.5,0.4025,0.2567618,-0.99971294
403.0,0.403,0.2567618,-0.99971294
403.5,0.4035,-0.07726017,-0.5841688
404.0,0.404,-0.07726017,-0.5841688
404.5,0.4045,-0.118419215,0.5675721
405.0,0.405,0.22657105,-0.73190546
405.5,0.4055,0.22657105,-0.73190546
406.0,0.406,0.22657105,-0.73190546
406.5,0.4065,0.22657105,-0.73190546
407.0,0.407,-0.6752237,-0.053774104
407.5,0.4075,0.4382358,-0.6863184
408.0,0.408,0.4382358,-0.6863184
408.5,0.4085,0.4382358,-0.6863184
409.0,0.409,-0.77637005,-0.042553455
409.5,0.4095,-0.44920555,-0.099877715
410.0,0.41,-0.44920555,-0.099877715
410.5,0.4105,-0.71975815,-0.25612673
411.0,0.411,-0.3697165,0.3439868
411.5,0.4115,-0.3697165,0.3439868
412.0,0.412,0.567477,0.42504558
412.5,0.4125,-0.67167044,-0.75318205
413.0,0.413,-0.67167044,-0.75318205
413.5,0.4135,0.13045244,-0.6971307
414.0,0.414,0.13045244,-0.6971307
414.5,0.4145,0.13045244,-0.6971307
415.0,0.415,-0.5601274,-1.0082735
415.5,0.4155,0.13045244,-0.6971307
416.0,0.416,-0.6208216,0.16946685
416.5,0.4165,-0.34743837,-0.04625988
417.0,0.417,-0.40269294,-0.4251528
417.5,0.4175,0.12281926,-0.46062467
418.0,0.418,0.12281926,-0.46062467
418.5,0.4185,0.12281926,-0.46062467
419.0,0.419,0.12281926,-0.46062467
419.5,0.4195,0.9012985,-0.15430425
420.0,0.42,-0.56066656,-0.1756851
420.5,0.4205,-0.56066656,-0.1756851
421.0,0.421,0.19273789,0.20634475
421.5,0.4215,0.36850363,-0.11497283
422.0,0.422,-0.20225438,0.09698419
422.5,0.4225,0.6661004,0.7132083
423.0,0.423,0.6661004,0.7132083
423.5,0.4235,0.29131263,-0.2594784
424.0,0.424,0.8265016,-0.27354404
424.5,0.4245,0.8265016,-0.27354404
425.0,0.425,0.8265016,-0.27354404
425.5,0.4255,1.0390387,-0.5632951
426.0,0.426,-0.34574404,0.16713463
426.5,0.4265,0.547066,-0.48301294
427.0,0.427,0.14821011,-0.49690655
427.5,0.4275,0.14821011,-0.49690655
428.0,0.428,0.14821011,-0.49690655
428.5,0.4285,-0.38084406,0.5073102
429.0,0.429,-0.2684058,0.6234375
429.5,0.4295,-0.16516528,-0.38813493
430.0,0.43,0.4865285,0.24194445
430.5,0.4305,-0.85547984,0.8501681
431.0,0.431,-0.19108805,0.5243499
431.5,0.4315,-0.8124839,0.5416527
432.0,0.432,-0.7034198,0.648242
432.5,0.4325,-1.0365937,-0.007180296
433.0,0.433,-1.0365937,-0.007180296
433.5,0.4335,-1.0365937,-0.007180296
434.0,0.434,0.07370842,-0.5718503
434.5,0.4345,0.07370842,-0.5718503
435.0,0.435,0.07370842,-0.5718503
435.5,0.4355,0.9003668,0.1648472
436.0,0.436,0.9003668,0.1648472
436.5,0.4365,0.9003668,0.1648472
437.0,0.437,-0.20075324,-0.1891363
437.5,0.4375,-0.20075324,-0.1891363
438.0,0.438,0.2915785,-0.18872353
438.5,0.4385,-0.30624017,-0.58457375
439.0,0.439,-0.30624017,-0.58457375
439.5,0.4395,-0.30624017,-0.58457375
440.0,0.44,-0.1357216,-0.23807362
440.5,0.4405,0.72068286,-0.055157542
441.0,0.441,0.72068286,-0.055157542
441.5,0.4415,0.72068286,-0.055157542
442.0,0.442,-0.40416923,-0.59331167
442.5,0.4425,-0.40416923,-0.59331167
443.0,0.443,-0.40416923,-0.59331167
443.5,0.4435,-0.40416923,-0.59331167
444.0,0.444,0.62093353,-0.71144235
444.5,0.4445,-0.45765457,-0.7913648
445.0,0.445,-0.45765457,-0.7913648
445.5,0.4455,0.48838136,-0.64501476
446.0,0.446,-0.34860107,-0.82270956
446.5,0.4465,0.38393566,-0.39177442
447.0,0.447,0.38393566,-0.39177442
447.5,0.4475,0.38393566,-0.39177442
448.0,0.448,0.38393566,-0.39177442
448.5,0.4485,0.38393566,-0.39177442
449.0,0.449,0.38393566,-0.39177442
449.5,0.4495,-0.41228226,-0.09768987
450.0,0.45,-0.54169965,0.33789042
450.5,0.4505,-0.54169965,0.33789042
451.0,0.451,0.009208851,0.32826176
451.5,0.4515,0.28234372,-0.47892073
452.0,0.452,0.28234372,-0.47892073
452.5,0.4525,0.68225276,-0.20753628
453.0,0.453,0.68225276,-0.20753628
453.5,0.4535,0.5397447,-0.72277236
454.0,0.454,-0.10841042,0.29627317
454.5,0.4545,-0.13197413,-0.73231256
455.0,0.455,-0.13197413,-0.73231256
455.5,0.4555,-0.13197413,-0.73231256
456.0,0.456,0.34180874,0.41518888
456.5,0.4565,0.053289086,0.7582061
457.0,0.457,-0.15438902,-0.3387574
457.5,0.4575,0.8490788,-0.6241628
458.0,0.458,0.8490788,-0.6241628
458.5,0.4585,0.44163477,-0.49185327
459.0,0.459,-0.03895378,-0.5968975
459.5,0.4595,-0.03895378,-0.5968975
460.0,0.46,-0.03895378,-0.5968975
460.5,0.4605,0.4912959,-1.1387435
461.0,0.461,0.4912959,-1.1387435
461.5,0.4615,0.4912959,-1.1387435
462.0,0.462,0.4912959,-1.1387435
462.5,0.4625,0.4912959,-1.1387435
463.0,0.463,-0.5088291,-0.6961739
463.5,0.4635,-0.29236397,-0.17101203
464.0,0.464,-0.29236397,-0.17101203
464.5,0.4645,0.89775515,-0.75548446
465.0,0.465,0.89775515,-0.75548446
465.5,0.4655,-0.11483258,-0.7542609
466.0,0.466,-0.37354007,-0.123947605
466.5,0.4665,-0.37354007,-0.123947605
467.0,0.467,-0.37354007,-0.123947605
467.5,0.4675,-0.33870363,-0.5340282
468.0,0.468,-0.33870363,-0.5340282
468.5,0.4685,0.63095117,-1.105291
469.0,0.469,0.63095117,-1.105291
469.5,0.4695,0.63095117,-1.105291
470.0,0.47,-0.13708892,0.31703478
470.5,0.4705,-0.0032513365,0.3965911
471.0,0.471,-0.0032513365,0.3965911
471.5,0.4715,-0.7599722,-0.3742288
472.0,0.472,-0.7599722,-0.3742288
472.5,0.4725,-0.13857377,1.1332122
473.0,0.473,0.9057307,0.75024724
473.5,0.4735,-0.013812423,0.6173413
474.0,0.474,0.9890852,-0.20803553
474.5,0.4745,-0.12815572,0.08612454
475.0,0.475,0.53199613,-0.5925715
475.5,0.4755,0.05755967,0.4022138
476.0,0.476,0.05755967,0.4022138
476.5,0.4765,1.286639,0.7889737
477.0,0.477,0.3597717,0.94075215
477.5,0.4775,0.07119462,0.520818
478.0,0.478,-0.37729138,0.13842726
478.5,0.4785,-0.48529306,-0.06597051
479.0,0.479,-0.8442913,0.5766498
479.5,0.4795,-0.8442913,0.5766498
480.0,0.48,-0.8442913,0.5766498
480.5,0.4805,-0.19049522,0.5431923
481.0,0.481,1.0345806,0.060175665
481.5,0.4815,-0.47966358,-0.34479713
482.0,0.482,0.4455389,-0.05103904
482.5,0.4825,-0.4852282,-0.31219292
483.0,0.483,-0.4852282,-0.31219292
483.5,0.4835,0.13107252,0.4535704
484.0,0.484,0.13107252,0.4535704
484.5,0.4845,-0.5160688,-0.03195794
485.0,0.485,0.4896977,-0.18104663
485.5,0.4855,0.4896977,-0.18104663
486.0,0.486,-0.16157374,0.13030565
486.5,0.4865,-0.2731001,0.19731407
487.0,0.487,-0.07295871,-0.19818974
487.5,0.4875,-0.07295871,-0.19818974
488.0,0.488,0.71318734,0.36645493
488.5,0.4885,0.0055690706,0.28770626
489.0,0.489,0.0055690706,0.28770626
489.5,0.4895,0.0055690706,0.28770626
490.0,0.49,0.04038903,0.5105348
490.5,0.4905,0.04038903,0.5105348
491.0,0.491,0.04038903,0.5105348
491.5,0.4915,-0.4064215,-0.13732381
492.0,0.492,-0.51571,0.06861751
492.5,0.4925,-0.18902516,0.17399338
493.0,0.493,0.24577838,-0.34550384
493.5,0.4935,0.24577838,-0.34550384
494.0,0.494,0.27003503,-0.2559648
494.5,0.4945,0.27003503,-0.2559648
495.0,0.495,0.21244699,0.2597345
495.5,0.4955,0.21244699,0.2597345
496.0,0.496,-0.20890513,0.27075842
496.5,0.4965,-0.0712892,-0.16652969
497.0,0.497,-0.3697516,-0.04986369
497.5,0.4975,-0.66802216,-0.27845487
498.0,0.498,0.28385857,-0.109387696
498.5,0.4985,0.057017457,-0.59380317
499.0,0.499,0.070350885,-0.5390471
499.5,0.4995,-0.7428088,-0.5898317
500.0,0.5,-0.7428088,-0.5898317
