Step,Time_fs,Kinetic_au,Temperature_K,Potential_au,Conserved_au
0,0.0,1.166426762,298.0,-3481.921544237,-3480.755117475
1,0.5,1.195826723,305.511134569,-3481.954743906,-3480.75652701
2,1.0,1.256719753,321.068153405,-3482.019774748,-3480.759033593
3,1.5,1.306998739,333.913484248,-3482.078713783,-3480.759790639
4,2.0,1.354706589,346.101938733,-3482.117640742,-3480.758519167
5,2.5,1.39578544,356.596808932,-3482.153071257,-3480.756766852
6,3.0,1.448819218,370.145937334,-3482.208661981,-3480.756851109
7,3.5,1.520683284,388.505848239,-3482.284324152,-3480.75812854
8,4.0,1.592849766,406.943021105,-3482.362690351,-3480.758834195
9,4.5,1.645700289,420.445331215,-3482.433499477,-3480.758963502
10,5.0,1.693689897,432.705769258,-3482.495551725,-3480.759718808
11,5.5,1.718567388,439.061498268,-3482.540012522,-3480.762792001
12,6.0,1.714195863,437.944656248,-3482.542122772,-3480.759527109
13,6.5,1.763192138,450.462278727,-3482.591454458,-3480.754037302
14,7.0,1.881025826,480.566559762,-3482.731726308,-3480.76844829
15,7.5,1.904169183,486.479250306,-3482.767273584,-3480.770950622
16,8.0,1.837220954,469.375242491,-3482.679862149,-3480.752611607
17,8.5,1.85937414,475.034963028,-3482.721562445,-3480.759618218
18,9.0,1.976246044,504.893526584,-3482.855114306,-3480.765779432
19,9.5,2.048008761,523.227544829,-3482.939537027,-3480.766765219
20,10.0,2.050212704,523.790610618,-3482.947820816,-3480.764809293
21,10.5,1.995997329,509.939606611,-3482.905901991,-3480.766122207
22,11.0,1.908613869,487.614783537,-3482.818373297,-3480.760344367
23,11.5,1.898465077,485.021958966,-3482.825342483,-3480.762549538
24,12.0,1.943139818,496.435511236,-3482.889677693,-3480.770119368
25,12.5,1.887744576,482.283073558,-3482.843586974,-3480.763700657
26,13.0,1.794318232,458.414407744,-3482.755265065,-3480.759658957
27,13.5,1.719655271,439.339431935,-3482.685042922,-3480.757305538
28,14.0,1.69622866,433.354375341,-3482.666695352,-3480.757162584
29,14.5,1.71959034,439.322843183,-3482.702145729,-3480.758730002
30,15.0,1.770216308,452.256821618,-3482.767668894,-3480.760495085
31,15.5,1.82877523,467.217519751,-3482.836152924,-3480.76134624
32,16.0,1.879937931,480.288623071,-3482.891676708,-3480.76090925
33,16.5,1.90639208,487.04715842,-3482.932828729,-3480.761223883
34,17.0,1.926279082,492.127911757,-3482.96158695,-3480.761456602
35,17.5,1.942724163,496.329319333,-3482.978492079,-3480.762815142
36,18.0,1.911177146,488.269652289,-3482.966611309,-3480.76617497
37,18.5,1.846814381,471.826182076,-3482.90199864,-3480.761417631
38,19.0,1.830713607,467.712738339,-3482.890431457,-3480.759796541
39,19.5,1.871975078,478.254264731,-3482.94937064,-3480.767367031
40,20.0,1.892104217,483.396879261,-3482.970474518,-3480.761315723
41,20.5,1.934691105,494.277024727,-3483.014019847,-3480.762640343
42,21.0,1.975430212,504.68509689,-3483.062653965,-3480.769667326
43,21.5,1.972858401,504.02804763,-3483.058372151,-3480.756035651
44,22.0,2.018311955,515.640572092,-3483.140297914,-3480.770138296
45,22.5,2.030681232,518.800688535,-3483.174870273,-3480.771427915
46,23.0,1.951633216,498.605413998,-3483.102291511,-3480.763867661
47,23.5,1.87426543,478.839406213,-3483.023958478,-3480.758839363
48,24.0,1.835426755,468.916858704,-3483.000754552,-3480.764329326
49,24.5,1.806843301,461.614326266,-3482.969492934,-3480.765122414
50,25.0,1.747089686,446.34840659,-3482.912002149,-3480.761754586
51,25.5,1.693893933,432.757896668,-3482.870871748,-3480.760473795
52,26.0,1.679293811,429.027841326,-3482.863586551,-3480.762394333
53,26.5,1.67338787,427.518985046,-3482.865018325,-3480.762652098
54,27.0,1.671961106,427.154473775,-3482.865826262,-3480.762087536
55,27.5,1.677801006,428.646457744,-3482.871975491,-3480.762007912
56,28.0,1.687724839,431.181809637,-3482.884174359,-3480.761815351
57,28.5,1.700200592,434.369128966,-3482.90035597,-3480.762118343
58,29.0,1.711819898,437.337641958,-3482.917378922,-3480.762932302
59,29.5,1.711853888,437.346325947,-3482.930650956,-3480.763603906
60,30.0,1.717044306,438.672379478,-3482.935685809,-3480.763011623
61,30.5,1.720712751,439.60959809,-3482.943886488,-3480.761021398
62,31.0,1.744326394,445.642437611,-3482.985055774,-3480.762977853
63,31.5,1.789081406,457.076497709,-3483.039645468,-3480.767386498
64,32.0,1.800723288,460.050778486,-3483.059818974,-3480.762609578
65,32.5,1.839276113,469.900297009,-3483.105712066,-3480.761203623
66,33.0,1.908620308,487.616428708,-3483.190787777,-3480.76706684
67,33.5,1.948231944,497.736453151,-3483.23807963,-3480.764749539
68,34.0,1.9630665,501.526401944,-3483.263103231,-3480.762154741
69,34.5,1.987415006,507.746985295,-3483.299439398,-3480.761831737
70,35.0,2.04395325,522.191438422,-3483.359459051,-3480.761881503
71,35.5,2.130752185,544.366926353,-3483.450954385,-3480.773416212
72,36.0,2.191262301,559.826117839,-3483.529804569,-3480.778339532
73,36.5,2.171051664,554.662681944,-3483.538991874,-3480.78805374
74,37.0,1.99913882,510.742198183,-3483.376887423,-3480.784736471
75,37.5,1.844115169,471.136584181,-3483.20762099,-3480.754772252
76,38.0,1.951149929,498.481943154,-3483.350822283,-3480.777250071
77,38.5,2.135661234,545.621095608,-3483.54146068,-3480.781752104
78,39.0,2.24025974,572.344037607,-3483.658587028,-3480.777852732
79,39.5,2.28839798,584.642448462,-3483.721301253,-3480.775826656
80,40.0,2.297400396,586.942395868,-3483.743145814,-3480.778952861
81,40.5,2.219396047,567.013758368,-3483.682004108,-3480.783727839
82,41.0,2.083917621,532.401580066,-3483.53099162,-3480.763225226
83,41.5,2.06321545,527.112566629,-3483.536898665,-3480.775979236
84,42.0,2.130944174,544.415975846,-3483.603398831,-3480.778565827
85,42.5,2.137832347,546.175774085,-3483.630758877,-3480.778959884
86,43.0,2.0888497,533.661633216,-3483.601588615,-3480.778015103
87,43.5,2.00003516,510.971196207,-3483.524944963,-3480.776924869
88,44.0,1.892058392,483.385172042,-3483.423111527,-3480.77408493
89,44.5,1.818085433,464.486478542,-3483.354221476,-3480.769650771
90,45.0,1.827001221,466.764293985,-3483.367230787,-3480.775546486
91,45.5,1.847615196,472.030774965,-3483.392536956,-3480.776235778
92,46.0,1.852384159,473.249155066,-3483.403909002,-3480.774955448
93,46.5,1.855216583,473.972785901,-3483.414109232,-3480.774365138
94,47.0,1.8630525,475.974714524,-3483.432108655,-3480.774527549
95,47.5,1.893054901,483.639761106,-3483.45805995,-3480.774913376
96,48.0,1.911511929,488.35518318,-3483.486108675,-3480.775770438
97,48.5,1.916057648,489.516528449,-3483.506138106,-3480.776228303
98,49.0,1.915908873,489.478519135,-3483.516270234,-3480.774909135
99,49.5,1.925572394,491.947366388,-3483.537116529,-3480.77325507
100,50.0,1.975213174,504.629647766,-3483.590805068,-3480.774392748
101,50.5,2.03485854,519.867911811,-3483.663588997,-3480.777075686
102,51.0,2.082534718,532.048274473,-3483.718935793,-3480.7788826
103,51.5,2.073402494,529.71516386,-3483.730609052,-3480.779653128
104,52.0,2.027362876,517.952911369,-3483.69760825,-3480.776139678
105,52.5,2.018003285,515.561712613,-3483.680305464,-3480.77080779
106,53.0,2.066838735,528.038247469,-3483.746682894,-3480.774732997
107,53.5,2.146451098,548.377702143,-3483.848148902,-3480.77961833
108,54.0,2.199793301,562.005627158,-3483.910462031,-3480.781060236
109,54.5,2.177627997,556.342810637,-3483.905174579,-3480.781564878
110,55.0,2.091053422,534.22464255,-3483.832189599,-3480.779431086
111,55.5,1.970369182,503.392099382,-3483.731379668,-3480.778459924
112,56.0,1.861884531,475.676320636,-3483.629264382,-3480.776139657
113,56.5,1.800932515,460.104231976,-3483.569404175,-3480.770803688
114,57.0,1.828687901,467.195208829,-3483.609698096,-3480.776841579
115,57.5,1.884336609,481.412402321,-3483.676554313,-3480.779961683
116,58.0,1.907784716,487.402950643,-3483.710997198,-3480.778549363
117,58.5,1.910170199,488.012396436,-3483.718480688,-3480.77700884
118,59.0,1.905059902,486.706812073,-3483.716748271,-3480.776731258
119,59.5,1.8765351,479.419264165,-3483.711224892,-3480.777483556
120,60.0,1.866252882,476.79235174,-3483.696489295,-3480.776457526
121,60.5,1.866313356,476.807801765,-3483.697510228,-3480.771539047
122,61.0,1.920589983,490.674454311,-3483.767045194,-3480.777487249
123,61.5,1.975768866,504.771616402,-3483.840865638,-3480.780869191
124,62.0,1.986392334,507.485711866,-3483.863646272,-3480.78052135
125,62.5,1.951143582,498.480321617,-3483.838126077,-3480.779253909
126,63.0,1.912149397,488.51804422,-3483.7912018,-3480.775721585
127,63.5,1.895772737,484.334116916,-3483.778521904,-3480.774230464
128,64.0,1.930175857,493.123464034,-3483.820029524,-3480.778345734
129,64.5,1.96754897,502.671588398,-3483.866075828,-3480.778237925
130,65.0,2.010772757,513.714449437,-3483.910284361,-3480.777067085
131,65.5,2.045565843,522.603425545,-3483.958708118,-3480.781430995
132,66.0,2.030594442,518.778515259,-3483.9566703,-3480.782678167
133,66.5,1.988057536,507.911139521,-3483.909141189,-3480.771320902
134,67.0,2.01233893,514.114576848,-3483.939639633,-3480.779585991
135,67.5,2.019686193,515.991663771,-3483.971297633,-3480.78076966
136,68.0,1.986494451,507.511800845,-3483.958246189,-3480.779625655
137,68.5,1.912249785,488.543691446,-3483.910117007,-3480.781292046
138,69.0,1.826418494,466.615418181,-3483.822845492,-3480.775971063
139,69.5,1.793787115,458.278717307,-3483.796381327,-3480.773068415
140,70.0,1.840617261,470.242934867,-3483.854431156,-3480.78380011
141,70.5,1.830236518,467.590851227,-3483.852781162,-3480.78104273
142,71.0,1.788506682,456.92966655,-3483.814447757,-3480.775590561
143,71.5,1.780534294,454.892871975,-3483.813934513,-3480.775831608
144,72.0,1.795758377,458.78233745,-3483.850864953,-3480.779170069
145,72.5,1.822654372,465.653756218,-3483.877858507,-3480.779807932
146,73.0,1.811659065,462.844662901,-3483.879716894,-3480.779047058
147,73.5,1.79755775,459.242043248,-3483.868703348,-3480.777516865
148,74.0,1.796545473,458.983425683,-3483.871411134,-3480.776174204
149,74.5,1.819316006,464.800866669,-3483.911787016,-3480.776335197
150,75.0,1.87659246,479.433918439,-3483.985685489,-3480.779704258
151,75.5,1.930418371,493.185421969,-3484.049670004,-3480.780732264
152,76.0,1.96135364,501.088798494,-3484.089595732,-3480.779005796
153,76.5,1.984008236,506.876619773,-3484.121659181,-3480.782182353
154,77.0,1.963293534,501.584404963,-3484.106630458,-3480.785528131
155,77.5,1.88884801,482.564979933,-3484.033976062,-3480.77800405
156,78.0,1.859091208,474.962679287,-3484.019205451,-3480.784965342
157,78.5,1.83426257,468.619431464,-3484.003819773,-3480.784904541
158,79.0,1.782632248,455.428859561,-3483.959786452,-3480.782208239
159,79.5,1.74115126,444.831250796,-3483.919186466,-3480.781401691
160,80.0,1.710747241,437.063598422,-3483.897787509,-3480.785837134
161,80.5,1.695794968,433.243575284,-3483.887635145,-3480.785277776
162,81.0,1.701315853,434.654056921,-3483.897619369,-3480.785100027
163,81.5,1.7199227,439.407754981,-3483.928380157,-3480.785652055
164,82.0,1.762178496,450.203312359,-3483.971192521,-3480.786649482
165,82.5,1.78986373,457.276366724,-3484.011642563,-3480.787560538
166,83.0,1.82682126,466.718317154,-3484.037379426,-3480.788218264
167,83.5,1.823869309,465.964149523,-3484.041310991,-3480.788803364
168,84.0,1.804800607,461.092456448,-3484.021627142,-3480.788523761
169,84.5,1.775724617,453.664090428,-3483.989431632,-3480.786479437
170,85.0,1.762974432,450.406658986,-3483.975942905,-3480.786158209
171,85.5,1.75758493,449.029742955,-3483.988176086,-3480.78930619
172,86.0,1.752925799,447.839423091,-3483.992329794,-3480.788901914
173,86.5,1.740407262,444.641173432,-3483.993521643,-3480.785546928
174,87.0,1.773511275,453.098623322,-3484.033311753,-3480.785502217
175,87.5,1.835044792,468.819274438,-3484.106929072,-3480.790744759
176,88.0,1.863579538,476.109362752,-3484.14118862,-3480.7951649
177,88.5,1.801346247,460.209932646,-3484.080320121,-3480.790717912
178,89.0,1.740164263,444.579091724,-3484.016546953,-3480.781805461
179,89.5,1.741679995,444.966332575,-3484.03901688,-3480.791493067
180,90.0,1.724908046,440.681416587,-3484.026842915,-3480.788282593
181,90.5,1.697119916,433.582074405,-3483.995650302,-3480.785570772
182,91.0,1.680925599,429.444732353,-3483.980911203,-3480.784757971
183,91.5,1.679291889,429.027350405,-3483.994551119,-3480.78506506
184,92.0,1.709498236,436.744501267,-3484.031568202,-3480.785874181
185,92.5,1.749523618,446.970230151,-3484.08024074,-3480.786574591
186,93.0,1.790318456,457.392540535,-3484.130862622,-3480.787061429
187,93.5,1.837221222,469.37531103,-3484.177874579,-3480.787440712
188,94.0,1.869586254,477.643965205,-3484.216731283,-3480.788795903
189,94.5,1.877067707,479.55533516,-3484.231474079,-3480.790575453
190,95.0,1.841696713,470.51871455,-3484.206308162,-3480.788888005
191,95.5,1.799406576,459.714383534,-3484.170585799,-3480.785494669
192,96.0,1.79961354,459.76725894,-3484.164763329,-3480.776508175
193,96.5,1.837286737,469.392049049,-3484.216095352,-3480.778226961
194,97.0,1.898717329,485.086404435,-3484.297015681,-3480.7891101
195,97.5,1.923714888,491.472808589,-3484.348759949,-3480.789946846
196,98.0,1.92672715,492.242384534,-3484.357687373,-3480.790528206
197,98.5,1.879078334,480.069012349,-3484.325184738,-3480.788264068
198,99.0,1.838837878,469.78833608,-3484.289544887,-3480.784934477
199,99.5,1.83497668,468.801872884,-3484.296011091,-3480.786220686
200,100.0,1.861739198,475.639190809,-3484.328212527,-3480.789329936
201,100.5,1.86200654,475.707491581,-3484.340587016,-3480.790073502
202,101.0,1.847431067,471.98373352,-3484.320803471,-3480.787475821
203,101.5,1.831756236,467.97911033,-3484.304318563,-3480.784733476
204,102.0,1.846474065,471.739237639,-3484.322398031,-3480.787203012
205,102.5,1.863245729,476.024080813,-3484.34834548,-3480.787714388
206,103.0,1.882577501,480.96298354,-3484.369180312,-3480.787063179
207,103.5,1.892857064,483.589217522,-3484.389683117,-3480.78692799
208,104.0,1.905543758,486.83042828,-3484.409345365,-3480.787605848
209,104.5,1.898840874,485.117967999,-3484.416917375,-3480.789218605
210,105.0,1.861604541,475.604788439,-3484.393595029,-3480.789514931
211,105.5,1.807713881,461.836742984,-3484.341894901,-3480.786426337
212,106.0,1.767994696,451.689241512,-3484.30556256,-3480.784336798
213,106.5,1.766132687,451.213533392,-3484.312780609,-3480.786546473
214,107.0,1.779519955,454.633727649,-3484.335891691,-3480.788661641
215,107.5,1.779719876,454.684803652,-3484.343011666,-3480.788907458
216,108.0,1.751045385,447.359012996,-3484.328667144,-3480.788107604
217,108.5,1.722954725,440.182379926,-3484.304400097,-3480.787357389
218,109.0,1.693136111,432.564287586,-3484.28293907,-3480.786969631
219,109.5,1.671721714,427.093313692,-3484.273685622,-3480.786563369
220,110.0,1.683581417,430.123243752,-3484.286071814,-3480.786420113
221,110.5,1.705093763,435.619241724,-3484.323867955,-3480.787635307
222,111.0,1.751447406,447.461721581,-3484.373496573,-3480.788368977
223,111.5,1.804805031,461.093586792,-3484.425944451,-3480.788140501
224,112.0,1.846616786,471.77570017,-3484.478437032,-3480.789324704
225,112.5,1.859470167,475.059496277,-3484.514268148,-3480.788576377
226,113.0,1.878907565,480.025384035,-3484.538248425,-3480.787461554
227,113.5,1.896146771,484.429675459,-3484.562075223,-3480.78779588
228,114.0,1.912720197,488.663872759,-3484.581294983,-3480.788150245
229,114.5,1.899506413,485.288000704,-3484.589689061,-3480.788391764
230,115.0,1.882909248,481.047738491,-3484.583871496,-3480.788836782
231,115.5,1.847766122,472.069333915,-3484.560365463,-3480.788455614
232,116.0,1.806913023,461.632138739,-3484.528486449,-3480.787159172
233,116.5,1.781457808,455.128812315,-3484.50850978,-3480.787993389
234,117.0,1.760707974,449.827621808,-3484.494373425,-3480.789439878
235,117.5,1.741697938,444.970916803,-3484.472611387,-3480.787527357
236,118.0,1.730685378,442.157415633,-3484.468998007,-3480.786099577
237,118.5,1.766804287,451.385114671,-3484.502413449,-3480.788052968
238,119.0,1.792378915,457.918948851,-3484.548346264,-3480.789498246
239,119.5,1.824059866,466.012833159,-3484.583163113,-3480.790108487
240,120.0,1.819835412,464.933565095,-3484.596616961,-3480.79042677
241,120.5,1.8108472,462.637246845,-3484.588017674,-3480.789310726
242,121.0,1.797866576,459.320942653,-3484.577171885,-3480.787780616
243,121.5,1.800240825,459.927518415,-3484.58496168,-3480.789308817
244,122.0,1.800545939,460.00546919,-3484.596708093,-3480.790592988
245,122.5,1.79717459,459.144153225,-3484.598606059,-3480.789122955
246,123.0,1.815433284,463.808904472,-3484.607999387,-3480.788455388
247,123.5,1.834959401,468.797458562,-3484.630176693,-3480.789549053
248,124.0,1.852220042,473.207226095,-3484.64595793,-3480.789690923
249,124.5,1.848139979,472.164847316,-3484.64462694,-3480.789283627
250,125.0,1.821890156,465.45851334,-3484.624221658,-3480.789071912
251,125.5,1.774170997,453.267169847,-3484.584649267,-3480.788968027
252,126.0,1.722290662,440.012724357,-3484.533008351,-3480.787835918
253,126.5,1.675675696,428.103481376,-3484.492842731,-3480.786714544
254,127.0,1.656078842,423.096855311,-3484.478271485,-3480.788167721
255,127.5,1.637185445,418.269949351,-3484.46786592,-3480.789779303
256,128.0,1.625888025,415.383672133,-3484.450615696,-3480.78807346
257,128.5,1.629430425,416.288688256,-3484.446004211,-3480.788054027
258,129.0,1.627338985,415.754364826,-3484.451711458,-3480.788522236
259,129.5,1.628772842,416.120688277,-3484.458735686,-3480.787818345
260,130.0,1.625543181,415.295570954,-3484.471750639,-3480.788004101
261,130.5,1.632603917,417.099455491,-3484.487965829,-3480.788379454
262,131.0,1.632825089,417.155960927,-3484.502427081,-3480.787923086
263,131.5,1.64632027,420.603724693,-3484.521439266,-3480.787226351
264,132.0,1.675238866,427.991879533,-3484.555555415,-3480.787483086
265,132.5,1.722040062,439.948700818,-3484.604600835,-3480.788411464
266,133.0,1.771408071,452.561294493,-3484.656600005,-3480.789383647
267,133.5,1.809690355,462.341694725,-3484.697928744,-3480.789969186
268,134.0,1.826500701,466.636420573,-3484.720792546,-3480.790400224
269,134.5,1.81723993,464.270468575,-3484.721879015,-3480.790852417
270,135.0,1.79618479,458.891277974,-3484.701528534,-3480.790568284
271,135.5,1.75571123,448.551048153,-3484.672032072,-3480.7894655
272,136.0,1.729162861,441.768441348,-3484.655329293,-3480.789123398
273,136.5,1.734816273,443.212781475,-3484.662232441,-3480.789654674
274,137.0,1.746143316,446.106626752,-3484.684096803,-3480.791192802
275,137.5,1.750372543,447.18711449,-3484.695919518,-3480.791560331
276,138.0,1.742402871,445.15101389,-3484.68685788,-3480.79059975
277,138.5,1.730490414,442.107606078,-3484.665644363,-3480.789528958
278,139.0,1.715552432,438.291233979,-3484.647361146,-3480.788228358
279,139.5,1.706456312,435.967347138,-3484.646831488,-3480.788821845
280,140.0,1.711697766,437.306439537,-3484.653416018,-3480.790125088
281,140.5,1.690685528,431.938209866,-3484.647045767,-3480.789664304
282,141.0,1.674143427,427.712015452,-3484.62980299,-3480.788510883
283,141.5,1.649257783,421.354203618,-3484.615038427,-3480.788065582
284,142.0,1.637356777,418.313721418,-3484.608891614,-3480.788026853
285,142.5,1.636716245,418.15007777,-3484.611972569,-3480.787922936
286,143.0,1.64383683,419.969252595,-3484.625465085,-3480.787898898
287,143.5,1.667387669,425.986046954,-3484.648957084,-3480.788293484
288,144.0,1.685232035,430.544945284,-3484.676025539,-3480.789191579
289,144.5,1.709332005,436.702032459,-3484.694999181,-3480.790170908
290,145.0,1.70723708,436.166818621,-3484.693586054,-3480.790969531
291,145.5,1.670376982,426.749760043,-3484.664916792,-3480.791029159
292,146.0,1.625615279,415.313990597,-3484.620715585,-3480.788049576
293,146.5,1.60948914,411.194066715,-3484.608645216,-3480.785986968
294,147.0,1.652048366,422.067145006,-3484.654830394,-3480.789919727
295,147.5,1.698245543,433.869650825,-3484.706918892,-3480.792744541
296,148.0,1.702322303,434.911186086,-3484.719060998,-3480.791682805
297,148.5,1.67891926,428.932150571,-3484.700232682,-3480.789391547
298,149.0,1.657161887,423.373552965,-3484.682749987,-3480.787415983
299,149.5,1.674621678,427.834199711,-3484.695390738,-3480.787119797
300,150.0,1.71681335,438.613374635,-3484.740119402,-3480.789107731
301,150.5,1.767214946,451.490030305,-3484.790037172,-3480.790125376
302,151.0,1.797756872,459.292915334,-3484.82674825,-3480.790308107
303,151.5,1.822077239,465.50630959,-3484.844291044,-3480.790541024
304,152.0,1.809376062,462.261398847,-3484.839554266,-3480.79027032
305,152.5,1.785007409,456.035668358,-3484.817996941,-3480.789205531
306,153.0,1.766354354,451.270165284,-3484.795398287,-3480.788131104
307,153.5,1.753786237,448.059248747,-3484.789502845,-3480.787726962
308,154.0,1.771853956,452.675209697,-3484.811739052,-3480.788017366
309,154.5,1.819282645,464.792343508,-3484.859027844,-3480.789528085
310,155.0,1.851264229,472.963034058,-3484.90773892,-3480.791497329
311,155.5,1.858605329,474.838546476,-3484.926924315,-3480.793198081
312,156.0,1.82322886,465.800526947,-3484.89759244,-3480.792465029
313,156.5,1.762540952,450.295913004,-3484.832590955,-3480.789535469
314,157.0,1.686163072,430.782807845,-3484.768441824,-3480.788277845
315,157.5,1.625605944,415.31160563,-3484.727697243,-3480.788610632
316,158.0,1.606469324,410.422560803,-3484.719411047,-3480.788222755
317,158.5,1.623400524,414.748162414,-3484.748396187,-3480.790178283
318,159.0,1.65324068,422.371758705,-3484.786928251,-3480.791399704
319,159.5,1.680161586,429.249541402,-3484.813961399,-3480.790425611
320,160.0,1.693690766,432.705991459,-3484.836209496,-3480.790272661
321,160.5,1.696930761,433.533748825,-3484.854274081,-3480.79043508
322,161.0,1.690443019,431.876253306,-3484.861460042,-3480.79108674
323,161.5,1.672283321,427.236793636,-3484.85067918,-3480.790933759
324,162.0,1.635655746,417.879140246,-3484.821886231,-3480.790575533
325,162.5,1.59728315,408.075666872,-3484.782031306,-3480.789121261
326,163.0,1.559931291,398.532972616,-3484.749550716,-3480.787984935
327,163.5,1.545065565,394.735060465,-3484.738542166,-3480.788398167
328,164.0,1.546136814,395.008744402,-3484.744614006,-3480.789215473
329,164.5,1.555480426,397.395860814,-3484.756182397,-3480.789789473
330,165.0,1.555376743,397.369371785,-3484.763995069,-3480.790388958
331,165.5,1.549762686,395.935086109,-3484.760556645,-3480.790416259
332,166.0,1.531392475,391.241844311,-3484.748257209,-3480.789134295
333,166.5,1.531386835,391.240403306,-3484.745707865,-3480.788831196
334,167.0,1.540556041,393.58296233,-3484.757251227,-3480.790533316
335,167.5,1.537423643,392.782693758,-3484.761403321,-3480.791100939
336,168.0,1.524927167,389.590080386,-3484.749466688,-3480.790553482
337,168.5,1.500820831,383.431366789,-3484.73032569,-3480.789713736
338,169.0,1.49854614,382.850226197,-3484.720347218,-3480.788228932
339,169.5,1.513935617,386.781946827,-3484.742156134,-3480.78779021
340,170.0,1.565831793,400.040439395,-3484.80043111,-3480.789816646
341,170.5,1.608620906,410.972249274,-3484.865406849,-3480.791520803
342,171.0,1.649934626,421.527124221,-3484.908216769,-3480.791071594
343,171.5,1.673661643,427.588928909,-3484.929202421,-3480.790308285
344,172.0,1.675488415,428.055634439,-3484.936682902,-3480.790509138
345,172.5,1.663077522,424.884885841,-3484.928014112,-3480.790721299
346,173.0,1.630294953,416.50955878,-3484.90049484,-3480.790221468
347,173.5,1.589823579,406.169887456,-3484.861757934,-3480.789343549
348,174.0,1.548392749,395.585093063,-3484.825173909,-3480.788617364
349,174.5,1.53108245,391.162638873,-3484.801356667,-3480.788484149
350,175.0,1.516686308,387.484696491,-3484.792737605,-3480.78893773
351,175.5,1.519501926,388.204033726,-3484.796037013,-3480.788943509
352,176.0,1.534971817,392.156298669,-3484.814598417,-3480.788047642
353,176.5,1.573733727,402.059234352,-3484.861358634,-3480.788385773
354,177.0,1.639267961,418.801992929,-3484.929559737,-3480.791137702
355,177.5,1.681595455,429.615867839,-3484.9808344,-3480.793008456
356,178.0,1.678514296,428.828689928,-3484.986772128,-3480.792909506
357,178.5,1.646217067,420.577358214,-3484.950732764,-3480.790910145
358,179.0,1.598742875,408.448599009,-3484.906421914,-3480.787633171
359,179.5,1.589461929,406.077492748,-3484.902151111,-3480.78689382
360,180.0,1.636984187,418.218531856,-3484.947652899,-3480.789929887
361,180.5,1.688791974,431.454442509,-3485.000553692,-3480.791887928
362,181.0,1.711767243,437.32418965,-3485.027805728,-3480.791398772
363,181.5,1.702031177,434.836808658,-3485.030360494,-3480.79042248
364,182.0,1.692499639,432.401680964,-3485.02044963,-3480.789941613
365,182.5,1.667140182,425.922818747,-3485.005392499,-3480.789860426
366,183.0,1.644177919,420.056394504,-3484.987062387,-3480.789830634
367,183.5,1.619965906,413.870682444,-3484.966408343,-3480.789790949
368,184.0,1.600277836,408.840752711,-3484.943876414,-3480.789966257
369,184.5,1.573961904,402.117529127,-3484.917110912,-3480.790230734
370,185.0,1.536687989,392.594748113,-3484.883333436,-3480.790221396
371,185.5,1.497026104,382.461885806,-3484.846005826,-3480.789199373
372,186.0,1.475308761,376.913515063,-3484.824156647,-3480.787453693
373,186.5,1.493613435,381.590013503,-3484.841600666,-3480.788486072
374,187.0,1.52045361,388.447171064,-3484.883860452,-3480.791298085
375,187.5,1.545030524,394.726108212,-3484.911840943,-3480.791879321
376,188.0,1.544222356,394.519636548,-3484.913721663,-3480.790790242
377,188.5,1.526486712,389.988514504,-3484.904164628,-3480.789731282
378,189.0,1.520208093,388.38444592,-3484.900041758,-3480.789748077
379,189.5,1.520942544,388.572084349,-3484.901996043,-3480.790863925
380,190.0,1.506577628,384.902119868,-3484.896856513,-3480.790417355
381,190.5,1.499985034,383.217836616,-3484.892047858,-3480.788352219
382,191.0,1.51794662,387.806682393,-3484.913855762,-3480.788519988
383,191.5,1.555236823,397.333624651,-3484.959025449,-3480.790531106
384,192.0,1.588323734,405.786705271,-3484.996877808,-3480.79153057
385,192.5,1.595697857,407.670654417,-3485.007925953,-3480.791164827
386,193.0,1.57849602,403.275910221,-3484.994230717,-3480.79007987
387,193.5,1.547839901,395.443851011,-3484.970137444,-3480.789048542
388,194.0,1.528742652,390.564864623,-3484.950355226,-3480.788650293
389,194.5,1.514897151,387.027600731,-3484.941105995,-3480.78904971
390,195.0,1.49862061,382.869251865,-3484.937736643,-3480.789850123
391,195.5,1.486580261,379.793170406,-3484.932129341,-3480.789628775
392,196.0,1.485273084,379.45921118,-3484.931332066,-3480.788062535
393,196.5,1.51105105,386.044994574,-3484.956887802,-3480.788594742
394,197.0,1.553643646,396.926598104,-3485.001461826,-3480.791226579
395,197.5,1.567122428,400.370172328,-3485.029534564,-3480.792061861
396,198.0,1.563022837,399.322804114,-3485.02730641,-3480.790631207
397,198.5,1.550330313,396.080104223,-3485.014101552,-3480.788827128
398,199.0,1.548172946,395.528937654,-3485.013872958,-3480.788964338
399,199.5,1.553687123,396.937705591,-3485.024657983,-3480.790209957
400,200.0,1.553421033,396.869724821,-3485.028630871,-3480.790593588
401,200.5,1.539992587,393.439010352,-3485.01812402,-3480.790199303
402,201.0,1.515298181,387.130056291,-3484.996902475,-3480.789685487
403,201.5,1.492785679,381.378537412,-3484.971266963,-3480.789247618
404,202.0,1.471910084,376.045217237,-3484.947435619,-3480.788859683
405,202.5,1.45369389,371.391323753,-3484.931342152,-3480.788367163
406,203.0,1.45070786,370.628449592,-3484.930241535,-3480.788012271
407,203.5,1.461290543,373.332125097,-3484.948952863,-3480.788349855
408,204.0,1.496931937,382.43782796,-3484.982589791,-3480.789097633
409,204.5,1.522887417,389.068962712,-3485.01945556,-3480.790100167
410,205.0,1.549000732,395.740421209,-3485.044549139,-3480.791327413
411,205.5,1.548626261,395.644750976,-3485.043135687,-3480.791237425
412,206.0,1.524551718,389.494160278,-3485.020714171,-3480.789217558
413,206.5,1.503168481,384.031147049,-3485.007875643,-3480.78845642
414,207.0,1.511008025,386.034002473,-3485.015679169,-3480.790126898
415,207.5,1.521180107,388.632777367,-3485.022200973,-3480.790665833
416,208.0,1.527336522,390.205624903,-3485.018374364,-3480.789541376
417,208.5,1.537364463,392.767574382,-3485.018785805,-3480.788604515
418,209.0,1.551589942,396.40191546,-3485.035750731,-3480.789390679
419,209.5,1.565118116,399.85810845,-3485.058530595,-3480.790821386
420,210.0,1.564948197,399.814697429,-3485.066017297,-3480.791891845
421,210.5,1.528536423,390.512177123,-3485.043718339,-3480.791916986
422,211.0,1.487950787,380.143313753,-3484.995905843,-3480.789609861
423,211.5,1.449137327,370.227207992,-3484.958813663,-3480.786873178
424,212.0,1.46975793,375.495382688,-3484.969648704,-3480.787659936
425,212.5,1.514187441,386.846283171,-3485.019737442,-3480.789169957
426,213.0,1.570800293,401.309797283,-3485.084039498,-3480.790126462
427,213.5,1.620455539,413.995774607,-3485.143828934,-3480.790933627
428,214.0,1.658331222,423.672295943,-3485.186517183,-3480.790917714
429,214.5,1.679747213,429.143676955,-3485.211579683,-3480.790805955
430,215.0,1.691931142,432.256440713,-3485.220638864,-3480.791342418
431,215.5,1.672300158,427.241095048,-3485.2093997,-3480.790805225
432,216.0,1.644792862,420.21350082,-3485.188365088,-3480.788897591
433,216.5,1.628682768,416.097675997,-3485.182480604,-3480.789236047
434,217.0,1.628300514,416.000017362,-3485.18825614,-3480.790834099
435,217.5,1.624738609,415.09001804,-3485.184985651,-3480.790768225
436,218.0,1.615058089,412.616827994,-3485.173195691,-3480.789542627
437,218.5,1.600148993,408.807835746,-3485.169372999,-3480.789313954
438,219.0,1.594873644,407.460083732,-3485.176911928,-3480.790355431
439,219.5,1.593879782,407.206170667,-3485.180686307,-3480.791314785
440,220.0,1.564576697,399.719785994,-3485.165835768,-3480.791161286
441,220.5,1.532359604,391.488927473,-3485.133397806,-3480.789770633
442,221.0,1.502618866,383.890730784,-3485.101327332,-3480.788578497
443,221.5,1.483949615,379.121089988,-3485.085915868,-3480.788462054
444,222.0,1.486014903,379.648731903,-3485.089683556,-3480.788672815
445,222.5,1.50048766,383.346247876,-3485.109132599,-3480.788937527
446,223.0,1.527591264,390.270706653,-3485.138891093,-3480.789564755
447,223.5,1.546866689,395.195213567,-3485.168762514,-3480.790700547
448,224.0,1.555141289,397.309217697,-3485.182248987,-3480.792239845
449,224.5,1.533606533,391.807494206,-3485.159854127,-3480.793007092
450,225.0,1.463435403,373.880096308,-3485.099355951,-3480.790670305
451,225.5,1.406675993,359.379139585,-3485.044634988,-3480.786398642
452,226.0,1.422244054,363.356484835,-3485.058122477,-3480.78717857
453,226.5,1.492763411,381.372848231,-3485.130955279,-3480.79179026
454,227.0,1.554624818,397.177268986,-3485.19636099,-3480.793811298
455,227.5,1.566472838,400.204214189,-3485.217453361,-3480.792871988
456,228.0,1.546941438,395.214310669,-3485.203171659,-3480.790805975
457,228.5,1.517129657,387.597963839,-3485.182422928,-3480.789870922
458,229.0,1.513044984,386.554406935,-3485.173304387,-3480.789785944
459,229.5,1.521078515,388.606822307,-3485.176499937,-3480.790014272
460,230.0,1.520781559,388.530955763,-3485.182940801,-3480.79060983
461,230.5,1.513514678,386.674405073,-3485.182965271,-3480.790930785
462,231.0,1.499579515,383.114234151,-3485.175439932,-3480.790332994
463,231.5,1.487206053,379.953048277,-3485.168927188,-3480.789749793
464,232.0,1.476404862,377.193547982,-3485.171741248,-3480.789738613
465,232.5,1.487047686,379.912588575,-3485.184081982,-3480.790231415
466,233.0,1.497105142,382.482078651,-3485.198919221,-3480.790677863
467,233.5,1.501848503,383.693917574,-3485.20944531,-3480.790947513
468,234.0,1.506333903,384.839852679,-3485.211233205,-3480.791431844
469,234.5,1.497836456,382.668915408,-3485.198598998,-3480.791933148
470,235.0,1.465474071,374.400937651,-3485.168934682,-3480.791200497
471,235.5,1.427399325,364.673559287,-3485.138588027,-3480.789908461
472,236.0,1.420902825,363.013826269,-3485.134105675,-3480.790318295
473,236.5,1.4392931,367.712194188,-3485.150777425,-3480.792728986
474,237.0,1.437671283,367.297850549,-3485.155451567,-3480.793014863
475,237.5,1.42796592,364.818313537,-3485.141378728,-3480.791403543
476,238.0,1.412891808,360.967162694,-3485.129429656,-3480.790111851
477,238.5,1.418589032,362.422695943,-3485.136686473,-3480.790366994
478,239.0,1.436284633,366.943587573,-3485.1587285,-3480.791139618
479,239.5,1.454363973,371.562517505,-3485.182219858,-3480.791457681
480,240.0,1.46405267,374.037796342,-3485.19977253,-3480.791407821
481,240.5,1.482402215,378.72575846,-3485.210373347,-3480.791229623
482,241.0,1.487994419,380.154460916,-3485.215989988,-3480.791061368
483,241.5,1.494906107,381.920266774,-3485.218730984,-3480.790995731
484,242.0,1.494126787,381.721165009,-3485.219592698,-3480.791069479
485,242.5,1.487574124,380.047083542,-3485.218861279,-3480.790940427
486,243.0,1.491642155,381.086388495,-3485.221092192,-3480.790316085
487,243.5,1.490358323,380.758393775,-3485.23634678,-3480.790461909
488,244.0,1.506594877,384.9065266,-3485.26312732,-3480.791985386
489,244.5,1.514639274,386.961717922,-3485.28246255,-3480.792798193
490,245.0,1.513524445,386.676900151,-3485.284412924,-3480.791782218
491,245.5,1.508453293,385.381316634,-3485.283710531,-3480.79069492
492,246.0,1.515628797,387.214522349,-3485.293908503,-3480.792395486
493,246.5,1.505307699,384.577676923,-3485.292923671,-3480.794223759
494,247.0,1.4744036,376.682263461,-3485.256284017,-3480.793113708
495,247.5,1.414737622,361.438733439,-3485.198958225,-3480.790451341
496,248.0,1.374376347,351.127190233,-3485.158218814,-3480.789325674
497,248.5,1.357435037,346.799005584,-3485.15006079,-3480.790377116
498,249.0,1.365573622,348.87826014,-3485.159932815,-3480.791287758
499,249.5,1.378462191,352.171046237,-3485.171735723,-3480.791351973
500,250.0,1.385154081,353.880697649,-3485.180965112,-3480.791081462
501,250.5,1.386667229,354.267278207,-3485.189842212,-3480.790782789
502,251.0,1.393517516,356.017397229,-3485.201769346,-3480.790657772
503,251.5,1.412625164,360.899040336,-3485.218414304,-3480.790778465
504,252.0,1.430154256,365.377392034,-3485.239342911,-3480.790940072
505,252.5,1.452824317,371.169164251,-3485.263777631,-3480.791296965
506,253.0,1.477465536,377.46453016,-3485.290042548,-3480.791443332
507,253.5,1.49775075,382.647019131,-3485.316228539,-3480.791652274
508,254.0,1.514902957,387.029083998,-3485.336677442,-3480.79307068
509,254.5,1.511623949,386.191359368,-3485.337756722,-3480.793571323
510,255.0,1.488526136,380.290304528,-3485.31759583,-3480.791686361
511,255.5,1.471049168,375.825269374,-3485.303045774,-3480.79030746
512,256.0,1.489684895,380.586345625,-3485.319581705,-3480.790909708
513,256.5,1.521640005,388.750272562,-3485.360079319,-3480.792805221
514,257.0,1.563449527,399.431815431,-3485.396000955,-3480.793694974
515,257.5,1.576227257,402.696283932,-3485.411243795,-3480.793069167
516,258.0,1.557379412,397.881015817,-3485.409996242,-3480.792716763
517,258.5,1.53288986,391.624397918,-3485.395404985,-3480.79271125
518,259.0,1.50514883,384.537088812,-3485.366624213,-3480.792179597
519,259.5,1.466796488,374.738789998,-3485.329153369,-3480.791462798
520,260.0,1.427719627,364.755390279,-3485.291934193,-3480.791240898
521,260.5,1.400060589,357.689028694,-3485.258650006,-3480.791413401
522,261.0,1.371305579,350.342667073,-3485.22831449,-3480.791222343
523,261.5,1.343327617,343.194826287,-3485.204446245,-3480.790727754
524,262.0,1.325484823,338.636329595,-3485.194484166,-3480.790791302
525,262.5,1.32908849,339.556998331,-3485.198183078,-3480.791405079
526,263.0,1.34895439,344.63236057,-3485.207197356,-3480.792047495
527,263.5,1.350698484,345.077943595,-3485.212038243,-3480.792586537
528,264.0,1.346341044,343.9646999,-3485.205957195,-3480.792727577
529,264.5,1.328707341,339.459622056,-3485.190087312,-3480.791764305
530,265.0,1.321617792,337.648376274,-3485.182397782,-3480.789915251
531,265.5,1.343044493,343.122493444,-3485.209805346,-3480.790317654
532,266.0,1.393779062,356.084217363,-3485.267184061,-3480.792751926
533,266.5,1.457273649,372.305884546,-3485.320520356,-3480.793777012
534,267.0,1.478967757,377.848319264,-3485.352172428,-3480.793012049
535,267.5,1.488904875,380.387065326,-3485.370704188,-3480.792073402
536,268.0,1.498573179,382.857134321,-3485.388291435,-3480.792385996
537,268.5,1.512797199,386.491102669,-3485.400780634,-3480.793171635
538,269.0,1.510770377,385.973288011,-3485.397176688,-3480.793150374
539,269.5,1.480561654,378.255530023,-3485.377319147,-3480.792489118
540,270.0,1.4495206,370.325126981,-3485.350035297,-3480.792194689
541,270.5,1.422490438,363.41943142,-3485.320276622,-3480.792099746
542,271.0,1.396226391,356.709463612,-3485.290053911,-3480.791919007
543,271.5,1.367706226,349.423100221,-3485.264809381,-3480.791398978
544,272.0,1.355838713,346.391174967,-3485.253043641,-3480.791049133
545,272.5,1.364931749,348.71427395,-3485.260795311,-3480.791214415
546,273.0,1.382938618,353.31468877,-3485.286649001,-3480.792095264
547,273.5,1.409203555,360.024883784,-3485.318671483,-3480.793281256
548,274.0,1.426922931,364.551849615,-3485.341276236,-3480.793595033
549,274.5,1.440979615,368.143066907,-3485.352437375,-3480.792294994
550,275.0,1.45440275,371.572424181,-3485.370810833,-3480.791474081
551,275.5,1.488147184,380.193489454,-3485.405971203,-3480.793425081
552,276.0,1.508012513,385.268705656,-3485.434241187,-3480.794734078
553,276.5,1.507636665,385.172683602,-3485.433795254,-3480.794425908
554,277.0,1.474135445,376.613755004,-3485.407044744,-3480.792829779
555,277.5,1.440365257,367.986110008,-3485.375255885,-3480.792086514
556,278.0,1.417797693,362.220523792,-3485.353260485,-3480.792267656
557,278.5,1.398305559,357.24065162,-3485.336940991,-3480.792793758
558,279.0,1.381078881,352.839560927,-3485.316673377,-3480.792563057
559,279.5,1.352508724,345.540425565,-3485.294415808,-3480.791941353
560,280.0,1.333831765,340.768815621,-3485.278974984,-3480.791593752
561,280.5,1.326595228,338.920016912,-3485.275765429,-3480.79229255
562,281.0,1.328488172,339.403628381,-3485.280659575,-3480.792789518
563,281.5,1.333694932,340.733857253,-3485.286414163,-3480.792851935
564,282.0,1.330839128,340.004253355,-3485.288358234,-3480.792897927
565,282.5,1.321996312,337.745080772,-3485.286044186,-3480.792280216
566,283.0,1.322828847,337.957777842,-3485.285265627,-3480.792991941
567,283.5,1.324420073,338.364306098,-3485.286368141,-3480.793144491
568,284.0,1.328561408,339.422338843,-3485.290359448,-3480.792227394
569,284.5,1.344800942,343.571232994,-3485.308260005,-3480.79114369
570,285.0,1.375674884,351.458941872,-3485.352594317,-3480.791606436
571,285.5,1.422789243,363.495770484,-3485.410404321,-3480.794682661
572,286.0,1.453787172,371.415155723,-3485.447382512,-3480.794424683
573,286.5,1.448703584,370.116394872,-3485.453313448,-3480.794699551
574,287.0,1.411858241,360.703105863,-3485.432088684,-3480.793893734
575,287.5,1.380299939,352.64055597,-3485.401372649,-3480.793091204
576,288.0,1.350827895,345.111005564,-3485.373808622,-3480.793009497
577,288.5,1.329224105,339.591645497,-3485.351381553,-3480.792816443
578,289.0,1.314648787,335.867926948,-3485.336200011,-3480.792502041
579,289.5,1.308298231,334.245479965,-3485.332482073,-3480.792222427
580,290.0,1.318654122,336.891214458,-3485.34413164,-3480.792061613
581,290.5,1.343592377,343.262467448,-3485.373442929,-3480.792069686
582,291.0,1.378800574,352.257496599,-3485.419204013,-3480.792601567
583,291.5,1.43566685,366.785755749,-3485.473608042,-3480.793488042
584,292.0,1.478842985,377.816442351,-3485.523357619,-3480.79442055
585,292.5,1.505188109,384.547123905,-3485.55391805,-3480.795124226
586,293.0,1.50699203,385.007991603,-3485.556496345,-3480.794925091
587,293.5,1.480024771,378.11836642,-3485.536829523,-3480.793282182
588,294.0,1.46544906,374.394547657,-3485.520790879,-3480.791718701
589,294.5,1.467583207,374.939781888,-3485.531334995,-3480.792838174
590,295.0,1.476752965,377.282481856,-3485.553803489,-3480.795057891
591,295.5,1.464931867,374.26241469,-3485.555667556,-3480.795721247
592,296.0,1.426118135,364.346239402,-3485.526439702,-3480.794569177
593,296.5,1.385288645,353.915076157,-3485.481965182,-3480.793025547
594,297.0,1.352883485,345.636169902,-3485.443119813,-3480.79271222
595,297.5,1.321101709,337.516526584,-3485.41501309,-3480.793091872
596,298.0,1.287578411,328.951957357,-3485.392286248,-3480.793034599
597,298.5,1.259958204,321.895516409,-3485.374064718,-3480.792782844
598,299.0,1.253775017,320.315828805,-3485.362638218,-3480.79258766
599,299.5,1.245522257,318.207404545,-3485.359997181,-3480.792456045
600,300.0,1.260272041,321.975695899,-3485.367714662,-3480.792540383
601,300.5,1.274214353,325.537693192,-3485.385190486,-3480.79279623
602,301.0,1.290705567,329.75088679,-3485.408918096,-3480.792988769
603,301.5,1.310567024,334.825113683,-3485.435366073,-3480.793007144
604,302.0,1.341731534,342.787057158,-3485.463641285,-3480.793324289
605,302.5,1.368980248,349.748588853,-3485.489218247,-3480.794061717
606,303.0,1.378872745,352.275934817,-3485.504092984,-3480.794194106
607,303.5,1.378832948,352.2657676,-3485.510006846,-3480.793390965
608,304.0,1.387698471,354.530741222,-3485.52049723,-3480.793409404
609,304.5,1.397147053,356.944675455,-3485.53596771,-3480.794948584
610,305.0,1.394772132,356.337928013,-3485.536658356,-3480.795462536
611,305.5,1.37326242,350.842602831,-3485.514621624,-3480.794193329
612,306.0,1.341640448,342.763786431,-3485.487380476,-3480.792465517
613,306.5,1.322257169,337.811724998,-3485.479728865,-3480.791962419
614,307.0,1.334786543,341.0127432,-3485.497541023,-3480.792945931
615,307.5,1.361471998,347.830372934,-3485.525557169,-3480.79401992
616,308.0,1.381280625,352.891102798,-3485.546347089,-3480.794463147
617,308.5,1.383628559,353.490955648,-3485.550872158,-3480.794536995
618,309.0,1.366925609,349.22366743,-3485.538021551,-3480.793993141
619,309.5,1.341054021,342.613965568,-3485.515553615,-3480.792830314
620,310.0,1.322582708,337.894894044,-3485.498778217,-3480.792023372
621,310.5,1.321782902,337.690558748,-3485.49821694,-3480.792508724
622,311.0,1.318408785,336.828535552,-3485.507837279,-3480.793433989
623,311.5,1.33166401,340.214994995,-3485.513777651,-3480.794195151
624,312.0,1.324565548,338.401472137,-3485.505166881,-3480.794497004
625,312.5,1.29604014,331.113769332,-3485.4802331,-3480.793733613
626,313.0,1.274316966,325.563908808,-3485.452482202,-3480.792247726
627,313.5,1.256722055,321.06874133,-3485.443900571,-3480.792109112
628,314.0,1.266864008,323.659818867,-3485.457419879,-3480.793515191
629,314.5,1.276943471,326.23493126,-3485.474021218,-3480.794322083
630,315.0,1.283380926,327.87957931,-3485.481950326,-3480.79419509
631,315.5,1.289605843,329.469928101,-3485.487650839,-3480.792979222
632,316.0,1.310144304,334.717116763,-3485.508596262,-3480.792639771
633,316.5,1.346391302,343.977539968,-3485.548620203,-3480.793802077
634,317.0,1.383832539,353.543068693,-3485.58985265,-3480.7957364
635,317.5,1.392301115,355.706629667,-3485.603848727,-3480.798570653
636,318.0,1.339985919,342.341085641,-3485.558344486,-3480.79888892
637,318.5,1.288469317,329.179567118,-3485.48652427,-3480.78608947
638,319.0,1.330317623,339.871018721,-3485.546957893,-3480.794592654
639,319.5,1.425660219,364.229250665,-3485.647795362,-3480.800351362
640,320.0,1.453905996,371.44551296,-3485.677730059,-3480.796805656
641,320.5,1.437647747,367.291837518,-3485.664766272,-3480.794488031
642,321.0,1.410569588,360.373879565,-3485.639807735,-3480.793949386
643,321.5,1.376974108,351.790869107,-3485.612795695,-3480.794171031
644,322.0,1.355243349,346.239070646,-3485.58466196,-3480.793981176
645,322.5,1.329425902,339.64320085,-3485.561642862,-3480.792905676
646,323.0,1.324536196,338.393973253,-3485.560473288,-3480.792478731
647,323.5,1.344344852,343.454710681,-3485.587951117,-3480.794242856
648,324.0,1.376500018,351.669747958,-3485.62314313,-3480.795869734
649,324.5,1.394973166,356.389288187,-3485.641573514,-3480.796491287
650,325.0,1.380686194,352.739236977,-3485.63313285,-3480.796271582
651,325.5,1.350029068,344.906920316,-3485.602194929,-3480.795185593
652,326.0,1.31934482,337.067674687,-3485.565499448,-3480.793818953
653,326.5,1.297562257,331.502641423,-3485.542464557,-3480.793482017
654,327.0,1.294197139,330.642917497,-3485.537915319,-3480.793942607
655,327.5,1.290317749,329.651806648,-3485.543915109,-3480.794327266
656,328.0,1.297688642,331.534930384,-3485.552593753,-3480.794352381
657,328.5,1.305773245,333.600393708,-3485.561462838,-3480.794226942
658,329.0,1.307948543,334.156141202,-3485.570605511,-3480.794303477
659,329.5,1.316961305,336.458731781,-3485.57806869,-3480.794617389
660,330.0,1.323216542,338.056826566,-3485.579702089,-3480.794941644
661,330.5,1.313676993,335.619652139,-3485.57201685,-3480.795236222
662,331.0,1.296550066,331.244045798,-3485.554439408,-3480.795342728
663,331.5,1.277205706,326.301927344,-3485.532136722,-3480.794822053
664,332.0,1.260310661,321.985562572,-3485.519725749,-3480.793816396
665,332.5,1.277417162,326.355950182,-3485.534921581,-3480.793759608
666,333.0,1.318793834,336.926908343,-3485.576495111,-3480.794784608
667,333.5,1.360943757,347.695417105,-3485.624202868,-3480.795780909
668,334.0,1.392327159,355.713283491,-3485.660986644,-3480.797660329
669,334.5,1.406394946,359.307337311,-3485.671250179,-3480.79910199
670,335.0,1.384440145,353.698300358,-3485.64492187,-3480.797186897
671,335.5,1.361552225,347.850869343,-3485.619664174,-3480.792591244
672,336.0,1.393234448,355.945078595,-3473.191699876,-3468.329290995
673,336.5,1.443945114,368.900695801,-3485.687515518,-3480.770478373
674,337.0,1.442810017,368.610699829,-3485.689750123,-3480.768866438
675,337.5,1.416082284,361.78226918,-3485.669615759,-3480.767560917
676,338.0,1.378007568,352.054898519,-3485.641799454,-3480.766888572
677,338.5,1.34876284,344.583423151,-3485.617289476,-3480.766009691
678,339.0,1.33558449,341.216603561,-3485.604611442,-3480.764984893
679,339.5,1.334377387,340.9082116,-3485.607628049,-3480.765379984
680,340.0,1.346479295,344.000020571,-3485.61965935,-3480.767095744
681,340.5,1.352977507,345.660190781,-3485.624398746,-3480.768657108
682,341.0,1.323485864,338.125633317,-3485.607225711,-3480.768554871
683,341.5,1.294124115,330.624261217,-3485.572006797,-3480.766401657
684,342.0,1.272197953,325.022541027,-3485.544783841,-3480.765506241
685,342.5,1.265523203,323.317268407,-3485.542646963,-3480.766217227
686,343.0,1.275228866,325.796882054,-3485.556653087,-3480.767291917
687,343.5,1.291857663,330.04522542,-3485.569728511,-3480.76768039
688,344.0,1.299236673,331.930423119,-3485.573415815,-3480.767728071
689,344.5,1.286786388,328.749610495,-3485.565236785,-3480.767599743
690,345.0,1.269135375,324.240110058,-3485.546004358,-3480.767294134
691,345.5,1.234859538,315.483281427,-3485.519604458,-3480.766968582
692,346.0,1.209732707,309.063850707,-3485.493301806,-3480.766315171
693,346.5,1.199453594,306.437731544,-3485.478067397,-3480.765716546
694,347.0,1.196603642,305.709622884,-3485.483499761,-3480.766248276
695,347.5,1.215267657,310.477926006,-3485.504315195,-3480.767591558
696,348.0,1.236866781,315.99609406,-3485.524906777,-3480.767354409
697,348.5,1.257390458,321.239505746,-3485.550150565,-3480.766139072
698,349.0,1.305934559,333.641606436,-3485.592629139,-3480.767878717
699,349.5,1.343516307,343.243032922,-3485.628299994,-3480.769232476
700,350.0,1.356561192,346.57575457,-3485.634217836,-3480.76857904
701,350.5,1.332324048,340.383622267,-3485.615788833,-3480.767246392
702,351.0,1.311536904,335.072899655,-3485.59307244,-3480.765604165
703,351.5,1.293938947,330.576954293,-3485.590094189,-3480.765103297
704,352.0,1.31886423,336.944893063,-3485.614305223,-3480.766151587
705,352.5,1.345762348,343.816854098,-3485.650852693,-3480.76735097
706,353.0,1.380163486,352.605694897,-3485.680448369,-3480.768043647
707,353.5,1.387579399,354.500320436,-3485.690760115,-3480.768139949
708,354.0,1.375175782,351.331430667,-3485.679107128,-3480.767649131
709,354.5,1.344513422,343.497777034,-3485.652379357,-3480.766838311
710,355.0,1.314121987,335.733339574,-3485.622488349,-3480.766126954
711,355.5,1.292119273,330.112061822,-3485.600266172,-3480.765782218
712,356.0,1.282277918,327.597781595,-3485.591214798,-3480.765944157
713,356.5,1.283794615,327.985269008,-3485.593591996,-3480.766430685
714,357.0,1.281402471,327.374121349,-3485.600877241,-3480.766783872
715,357.5,1.288628348,329.220196477,-3485.608781655,-3480.766440723
716,358.0,1.296518226,331.235911358,-3485.622584383,-3480.765824483
717,358.5,1.328887931,339.505759415,-3485.649706302,-3480.766369014
718,359.0,1.359881668,347.424073496,-3485.682199559,-3480.767677956
719,359.5,1.376999514,351.797359872,-3485.700985853,-3480.768986107
720,360.0,1.36801195,349.501207022,-3485.687697154,-3480.770331463
721,360.5,1.303243741,332.954153153,-3485.630704818,-3480.769661281
722,361.0,1.236031178,315.78261318,-3485.560524911,-3480.762351433
723,361.5,1.256454157,321.000298498,-3485.578224714,-3480.763911945
724,362.0,1.325237924,338.573251527,-3485.664750711,-3480.77059246
725,362.5,1.374800126,351.235457706,-3485.720035072,-3480.770153168
726,363.0,1.378103184,352.079326557,-3485.731149128,-3480.768451023
727,363.5,1.369046486,349.76551139,-3485.714346855,-3480.767204592
728,364.0,1.330295292,339.865313411,-3485.683543182,-3480.766525704
729,364.5,1.286807046,328.754888208,-3485.648566707,-3480.766399469
730,365.0,1.254458387,320.490417001,-3485.61534344,-3480.766331257
731,365.5,1.227831203,313.687674557,-3485.587925827,-3480.765823435
732,366.0,1.209315791,308.957336717,-3485.573047646,-3480.76523069
733,366.5,1.201182238,306.879367653,-3485.57566427,-3480.765239556
734,367.0,1.22395961,312.698555852,-3485.591164469,-3480.765561338
735,367.5,1.243384323,317.661202808,-3485.609578772,-3480.765885742
736,368.0,1.248642605,319.004594733,-3485.621893117,-3480.766344076
737,368.5,1.242095717,317.331988397,-3485.621036335,-3480.767072295
738,369.0,1.217864588,311.141392797,-3485.60455145,-3480.767198514
739,369.5,1.19809785,306.091364669,-3485.582652832,-3480.765823913
740,370.0,1.20424556,307.66198855,-3485.579507856,-3480.764553357
741,370.5,1.227971132,313.723423896,-3485.610542303,-3480.765444725
742,371.0,1.276297141,326.069806206,-3485.663108725,-3480.76709015
743,371.5,1.321338737,337.577082764,-3485.714616917,-3480.767777934
744,372.0,1.35756947,346.833350655,-3485.752952032,-3480.767615327
745,372.5,1.375186669,351.334212048,-3485.776344443,-3480.767256579
746,373.0,1.382681554,353.249013668,-3485.784575377,-3480.767441768
747,373.5,1.365814171,348.939715919,-3485.772057317,-3480.768822861
748,374.0,1.313365065,335.539960405,-3485.724779161,-3480.770122283
749,374.5,1.237908665,316.262275676,-3485.649260906,-3480.764202316
750,375.0,1.223714876,312.636030892,-3485.640559428,-3480.763272321
751,375.5,1.275943148,325.979367606,-3485.708475045,-3480.770825394
752,376.0,1.316832253,336.425761327,-3485.745292566,-3480.76984471
753,376.5,1.311488605,335.060560214,-3485.738985592,-3480.767893468
754,377.0,1.280056693,327.030300671,-3485.712030175,-3480.767234789
755,377.5,1.244398042,317.920188933,-3485.676061369,-3480.766992821
756,378.0,1.206507795,308.239946621,-3485.635709077,-3480.76644852
757,378.5,1.170973649,299.161643725,-3485.596891673,-3480.765616806
758,379.0,1.144463168,292.388716702,-3485.5717187,-3480.764867716
759,379.5,1.151473337,294.179682466,-3485.573714436,-3480.765031994
760,380.0,1.184611086,302.645751162,-3485.600466603,-3480.766236667
761,380.5,1.210017531,309.136618061,-3485.629956475,-3480.767249646
762,381.0,1.217857718,311.139637592,-3485.64266324,-3480.76733229
763,381.5,1.221331196,312.027045688,-3485.638101172,-3480.766554525
764,382.0,1.203170979,307.387453228,-3485.631150426,-3480.765857478
765,382.5,1.199663124,306.491262535,-3485.634542823,-3480.765775777
766,383.0,1.225881204,313.189486754,-3459.3320179,-3454.442856917
767,383.5,1.253419414,320.22497899,-3485.666587773,-3480.741678072
768,384.0,1.272031713,324.980069881,-3485.688011596,-3480.741267455
769,384.5,1.291175508,329.87094778,-3485.717686215,-3480.741183236
770,385.0,1.328207306,339.331872521,-3485.756385999,-3480.741737744
771,385.5,1.36681756,349.196063024,-3485.796071349,-3480.742905774
772,386.0,1.387129348,354.385340947,-3485.820254086,-3480.744772912
773,386.5,1.363365256,348.314064457,-3485.804950951,-3480.746535823
774,387.0,1.29369193,330.513846113,-3485.736400412,-3480.743949386
775,387.5,1.223829055,312.66520152,-3485.663711797,-3480.738818419
776,388.0,1.204599733,307.752472898,-3485.65256402,-3480.742456411
777,388.5,1.21673836,310.853662749,-3485.663937183,-3480.743708761
778,389.0,1.219781734,311.63118723,-3485.668383351,-3480.742881274
779,389.5,1.219744093,311.621570783,-3485.668754288,-3480.742725046
780,390.0,1.214598103,310.306867517,-3485.663504929,-3480.742885345
781,390.5,1.197130445,305.844211015,-3485.6476884,-3480.742822488
782,391.0,1.166128001,297.92367232,-3485.620429525,-3480.742154158
783,391.5,1.132284766,289.277365035,-3485.589875237,-3480.741287216
784,392.0,1.11406991,284.623813684,-3485.567785119,-3480.740736991
785,392.5,1.111840353,284.054203969,-3485.561580312,-3480.740626537
786,393.0,1.126059512,287.686930301,-3485.572180122,-3480.740823667
787,393.5,1.143798551,292.218919553,-3485.596375513,-3480.741036939
788,394.0,1.177577456,300.848791686,-3485.630661222,-3480.741235384
789,394.5,1.220273898,311.756926013,-3485.671318275,-3480.741599529
790,395.0,1.267950725,323.93745439,-3485.712170069,-3480.742157832
791,395.5,1.301839417,332.595374995,-3485.744642012,-3480.742602792
792,396.0,1.319284906,337.052367853,-3485.762063424,-3480.742706693
793,396.5,1.323945078,338.242953817,-3485.763641217,-3480.742312014
794,397.0,1.312578374,335.338975725,-3485.756767738,-3480.741418309
795,397.5,1.306989142,333.911032499,-3485.75634848,-3480.740442405
796,398.0,1.327602668,339.177398891,-3485.776501836,-3480.74061815
797,398.5,1.356779165,346.631442748,-3485.814573599,-3480.741843931
798,399.0,1.389112955,354.892115017,-3485.852431355,-3480.743014094
799,399.5,1.402519436,358.31721781,-3485.871644805,-3480.743909844
800,400.0,1.383797977,353.534238694,-3485.857996238,-3480.745168676
801,400.5,1.313904768,335.677844283,-3485.797328879,-3480.746102826
802,401.0,1.214391373,310.254051958,-3485.693483617,-3480.740844019
803,401.5,1.161919015,296.848355972,-3485.635124379,-3480.736276621
804,402.0,1.195259213,305.366146631,-3485.675557767,-3480.744076275
805,402.5,1.229412187,314.091586253,-3485.715988098,-3480.744993329
806,403.0,1.231109674,314.52526206,-3485.721688199,-3480.743185337
807,403.5,1.220213599,311.74152079,-3485.710000219,-3480.74207986
808,404.0,1.211673258,309.559625055,-3485.694795482,-3480.741646547
809,404.5,1.195052455,305.313323854,-3485.681497975,-3480.741606334
810,405.0,1.189092047,303.790552211,-3485.670675173,-3480.741632737
811,405.5,1.180017918,301.472283657,-3485.662510366,-3480.741484076
812,406.0,1.182477473,302.100653415,-3485.659208918,-3480.74137982
813,406.5,1.187678855,303.42950839,-3485.663297075,-3480.741164957
814,407.0,1.200326437,306.660726641,-3485.677630825,-3480.741287128
815,407.5,1.219050089,311.444265988,-3485.699636382,-3480.74199536
816,408.0,1.241854916,317.270468412,-3485.718464443,-3480.742479156
817,408.5,1.247927876,318.821994948,-3485.725759742,-3480.742271353
818,409.0,1.253874011,320.341119981,-3485.72275839,-3480.741738689
819,409.5,1.245705799,318.254296069,-3485.716249666,-3480.741323625
820,410.0,1.242102261,317.333660422,-3485.712505461,-3480.741144733
821,410.5,1.239876364,316.764985565,-3485.714453702,-3480.741030479
822,411.0,1.240523316,316.930269566,-3485.723652154,-3480.740878089
823,411.5,1.257127771,321.172394315,-3485.741771291,-3480.740874262
824,412.0,1.288747371,329.250604497,-3485.767918793,-3480.741137613
825,412.5,1.322462991,337.864308582,-3485.797160969,-3480.741460325
826,413.0,1.344981317,343.617315301,-3485.82408688,-3480.741524405
827,413.5,1.368113331,349.527107821,-3485.847312231,-3480.741593856
828,414.0,1.387332641,354.437278485,-3485.865058132,-3480.742515704
829,414.5,1.386381592,354.194303405,-3485.864754801,-3480.744157106
830,415.0,1.349261697,344.710871541,-3485.827322435,-3480.744802247
831,415.5,1.283604418,327.936677375,-3485.757150849,-3480.740126497
832,416.0,1.262885056,322.643271694,-3485.728030094,-3480.736622659
833,416.5,1.309123246,334.456255623,-3485.781320501,-3480.742774655
834,417.0,1.358944344,347.184604974,-3485.836850616,-3480.744753367
835,417.5,1.368053794,349.511897306,-3485.850650989,-3480.743831824
836,418.0,1.354299114,345.997836588,-3485.827232285,-3480.742832378
837,418.5,1.309843679,334.640312844,-3485.778343743,-3480.742008678
838,419.0,1.239110158,316.569234555,-3485.7158989,-3480.741200302
839,419.5,1.17466245,300.104062749,-3485.653035018,-3480.740375367
840,420.0,1.128615151,288.339847744,-3485.602227935,-3480.739719558
841,420.5,1.107169585,282.860910849,-3485.573633204,-3480.739306717
842,421.0,1.107950416,283.060398478,-3485.573705253,-3480.73919323
843,421.5,1.135777655,290.169732241,-3485.602941447,-3480.739860499
844,422.0,1.18113053,301.756534997,-3485.649895785,-3480.741176584
845,422.5,1.215506217,310.538873613,-3485.694162591,-3480.742076317
846,423.0,1.238843347,316.501069401,-3485.720669332,-3480.742296787
847,423.5,1.238380837,316.382906653,-3485.724996075,-3480.742112902
848,424.0,1.22792924,313.712721158,-3485.710324249,-3480.741487591
849,424.5,1.206746564,308.300947615,-3485.687102398,-3480.740344335
850,425.0,1.196014141,305.559016425,-3485.672671676,-3480.739386269
851,425.5,1.20864168,308.785114117,-3485.680931394,-3480.73947112
852,426.0,1.232508231,314.882566958,-3485.71095551,-3480.740278377
853,426.5,1.274020268,325.488107954,-3485.751672398,-3480.740990836
854,427.0,1.315257945,336.023555469,-3485.791607973,-3480.741878022
855,427.5,1.340053505,342.35835261,-3485.816821864,-3480.743462579
856,428.0,1.322055469,337.760194445,-3485.806744085,-3480.744821133
857,428.5,1.270908129,324.693015216,-3485.755162853,-3480.740622812
858,429.0,1.252801138,320.067021302,-3485.728975342,-3480.736711938
859,429.5,1.287437896,328.91605838,-3485.773911091,-3480.742800354
860,430.0,1.329950651,339.777264101,-3485.815395704,-3480.743834755
861,430.5,1.340485291,342.468665757,-3485.823640271,-3480.741879675
862,431.0,1.337321373,341.660344378,-3485.817555226,-3480.740563273
863,431.5,1.331342055,340.132741714,-3485.813422476,-3480.740360663
864,432.0,1.327919016,339.25821986,-3485.81334943,-3480.740765127
865,432.5,1.321936653,337.729839193,-3485.810706721,-3480.741068497
866,433.0,1.313069345,335.464409557,-3485.800408291,-3480.740917328
867,433.5,1.29444778,330.706951376,-3485.78356844,-3480.740420992
868,434.0,1.272332177,325.056832809,-3485.767049999,-3480.74000486
869,434.5,1.262324746,322.500123079,-3485.756661415,-3480.740093397
870,435.0,1.256439073,320.996444776,-3485.750747605,-3480.740530835
871,435.5,1.244832988,318.031309338,-3485.742203843,-3480.740908275
872,436.0,1.227712174,313.657264961,-3485.72531533,-3480.740897154
873,436.5,1.21054728,309.271958833,-3485.700569576,-3480.740207597
874,437.0,1.19232226,304.615810525,-3485.677388975,-3480.739250105
875,437.5,1.186861755,303.220754578,-3485.668648366,-3480.738959618
876,438.0,1.193076872,304.808599537,-3485.678625907,-3480.739389417
877,438.5,1.217068689,310.938055661,-3485.701676643,-3480.740044865
878,439.0,1.240848324,317.013303189,-3485.728870715,-3480.740543266
879,439.5,1.269877461,324.429699024,-3485.752655449,-3480.740867528
880,440.0,1.289350157,329.404605088,-3485.767491911,-3480.740881616
881,440.5,1.295147069,330.88560663,-3485.772776286,-3480.740558385
882,441.0,1.303307312,332.970394552,-3485.772952278,-3480.740094664
883,441.5,1.292630008,330.242544956,-3485.775157287,-3480.739925362
884,442.0,1.292075248,330.100814427,-3485.783434272,-3480.740334827
885,442.5,1.303125075,332.923836362,-3485.794057831,-3480.74149496
886,443.0,1.294924364,330.828709595,-3485.793481955,-3480.743620448
887,443.5,1.258663813,321.564823836,-3485.760535368,-3480.743843742
888,444.0,1.226103116,313.246180941,-3485.718278129,-3480.73611209
889,444.5,1.266318789,323.520525564,-3485.766248908,-3480.740468022
890,445.0,1.344063495,343.382829274,-3485.852559641,-3480.745459655
891,445.5,1.384434819,353.696939674,-3485.88931507,-3480.743708341
892,446.0,1.376318888,351.623472685,-3485.881442177,-3480.741948956
893,446.5,1.345913457,343.855459586,-3485.849219755,-3480.740725324
894,447.0,1.307486153,334.038009398,-3485.808085894,-3480.739854628
895,447.5,1.271512535,324.847429557,-3485.76976866,-3480.739313919
896,448.0,1.242100332,317.333167575,-3485.742017466,-3480.73907551
897,448.5,1.230688557,314.417674674,-3485.728153572,-3480.739095696
898,449.0,1.228239709,313.792040139,-3485.727156378,-3480.739360376
899,449.5,1.236989006,316.027320145,-3485.734129679,-3480.739886203
900,450.0,1.244032397,317.826773506,-3485.740578762,-3480.740502406
901,450.5,1.225919529,313.199278022,-3485.737246091,-3480.740892667
902,451.0,1.211262273,309.454626122,-3485.719124823,-3480.740788756
903,451.5,1.176199466,300.496741324,-3485.689021348,-3480.740160294
904,452.0,1.143666194,292.185104861,-3485.658468429,-3480.739121624
905,452.5,1.127276508,287.997849749,-3485.644203171,-3480.738342495
906,453.0,1.148153375,293.331494914,-3485.657735184,-3480.73860476
907,453.5,1.178993832,301.210649125,-3485.694778776,-3480.739552065
908,454.0,1.215226143,310.467319883,-3485.740701407,-3480.740300054
909,454.5,1.261549517,322.302066855,-3485.78315796,-3480.740608064
910,455.0,1.282189353,327.575154818,-3485.815554272,-3480.740630739
911,455.5,1.303028295,332.899111016,-3485.836559476,-3480.740489096
912,456.0,1.309996736,334.679415972,-3485.847971841,-3480.740445091
913,456.5,1.308385466,334.267766948,-3485.850472778,-3480.74081269
914,457.0,1.295025891,330.85464782,-3485.839286692,-3480.741965926
915,457.5,1.25621411,320.938971009,-3485.800940866,-3480.743267535
916,458.0,1.192626739,304.69359928,-3485.731270867,-3480.739559086
917,458.5,1.165712865,297.817612777,-3485.696242831,-3480.735081927
918,459.0,1.211309224,309.466621154,-3485.748100484,-3480.741931153
919,459.5,1.259565485,321.79518398,-3485.800374566,-3480.743686302
920,460.0,1.266955866,323.683286914,-3485.809914441,-3480.74200838
921,460.5,1.251157915,319.647208827,-3485.791466328,-3480.740374994
922,461.0,1.223317127,312.534413366,-3485.767150467,-3480.739235888
923,461.5,1.204269709,307.668157953,-3485.753692901,-3480.738925151
924,462.0,1.204041335,307.60981269,-3485.755623523,-3480.739516095
925,462.5,1.211975109,309.636742142,-3485.763620994,-3480.740282978
926,463.0,1.217790829,311.122548724,-3485.765659422,-3480.740238753
927,463.5,1.200710723,306.758904336,-3485.760517739,-3480.739709834
928,464.0,1.195006297,305.301531315,-3485.754112974,-3480.739417098
929,464.5,1.196258187,305.621365558,-3485.749786374,-3480.73946516
930,465.0,1.190858858,304.241939066,-3485.746400126,-3480.739492479
931,465.5,1.181678518,301.896535567,-3485.742907338,-3480.73944048
932,466.0,1.175447006,300.304502078,-3485.739531596,-3480.739515997
933,466.5,1.177094186,300.725325245,-3485.73495975,-3480.739575226
934,467.0,1.173947687,299.921454262,-3485.727986835,-3480.739494843
935,467.5,1.171408296,299.272687815,-3485.720169867,-3480.739281174
936,468.0,1.168093581,298.425840909,-3485.715117886,-3480.73901352
937,468.5,1.170634514,299.075001239,-3485.717180071,-3480.738832813
938,469.0,1.1835204,302.367101499,-3485.729257172,-3480.739126462
939,469.5,1.198366467,306.159991216,-3485.747510026,-3480.739722313
940,470.0,1.215933102,310.647934603,-3485.764464708,-3480.739636814
941,470.5,1.228942504,313.971591074,-3485.782594243,-3480.738785391
942,471.0,1.261130937,322.195127465,-3485.813736547,-3480.738628589
943,471.5,1.302620778,332.79499802,-3485.859331799,-3480.739784395
944,472.0,1.341913144,342.833455105,-3485.902359198,-3480.741039214
945,472.5,1.359047049,347.21084425,-3485.92283104,-3480.742208128
946,473.0,1.342465129,342.974477001,-3485.903307945,-3480.743269852
947,473.5,1.282549579,327.667185962,-3485.83859298,-3480.739924304
948,474.0,1.232305281,314.830716948,-3485.788981229,-3480.734911582
949,474.5,1.251570646,319.752653678,-3485.814526444,-3480.740580571
950,475.0,1.289209878,329.368766538,-3485.846038118,-3480.74219889
951,475.5,1.282477948,327.648885383,-3485.844446603,-3480.740465833
952,476.0,1.265489948,323.308772508,-3485.825704487,-3480.739050762
953,476.5,1.250755858,319.544490933,-3485.808267927,-3480.738312844
954,477.0,1.24314639,317.600415487,-3485.801456926,-3480.738421419
955,477.5,1.241679166,317.225567606,-3485.803079313,-3480.738950914
956,478.0,1.244859249,318.038018532,-3485.804742128,-3480.739367127
957,478.5,1.23729398,316.105235346,-3485.799009717,-3480.739678078
958,479.0,1.223882539,312.67886556,-3485.781266585,-3480.739692138
959,479.5,1.190679485,304.196112681,-3485.752448277,-3480.73894615
960,480.0,1.160147749,296.395830977,-3485.72555997,-3480.737598075
961,480.5,1.163222853,297.181461905,-3485.72004903,-3480.737194855
962,481.0,1.182842139,302.193818767,-3485.741022793,-3480.738041422
963,481.5,1.215264555,310.477133476,-3485.775400539,-3480.738782559
964,482.0,1.261810441,322.368728013,-3485.809388322,-3480.739185881
965,482.5,1.282296416,327.602507578,-3485.834655809,-3480.739595373
966,483.0,1.293446153,330.451054562,-3485.844333409,-3480.739884963
967,483.5,1.279151114,326.798942343,-3485.834912843,-3480.739604362
968,484.0,1.258247189,321.458384424,-3485.811802282,-3480.738644002
969,484.5,1.232678061,314.925955361,-3485.789791164,-3480.737757963
970,485.0,1.215243948,310.471868752,-3485.782176861,-3480.737712182
971,485.5,1.213735224,310.086418188,-3485.790926417,-3480.738143114
972,486.0,1.234392758,315.364027894,-3485.810479779,-3480.738633181
973,486.5,1.265597472,323.336242886,-3485.833510196,-3480.739209743
974,487.0,1.281180274,327.317354239,-3485.851960062,-3480.739813147
975,487.5,1.276690435,326.17028517,-3485.859457446,-3480.739797192
976,488.0,1.281023096,327.27719828,-3485.859688462,-3480.738787741
977,488.5,1.282294927,327.602127149,-3485.866914123,-3480.73897328
978,489.0,1.29342971,330.446853686,-3485.879011003,-3480.740107668
979,489.5,1.286258769,328.614813858,-3485.881736534,-3480.73969503
980,490.0,1.273033751,325.236071588,-3485.87691334,-3480.739434415
981,490.5,1.258681629,321.569375463,-3485.865789045,-3480.739754682
982,491.0,1.227266777,313.543474465,-3485.84224224,-3480.739684446
983,491.5,1.187148142,303.293921058,-3485.805029182,-3480.739053253
984,492.0,1.145105584,292.552841783,-3485.761587995,-3480.738165913
985,492.5,1.108089513,283.095935028,-3485.7234508,-3480.737635844
986,493.0,1.082666141,276.600743911,-3485.696804462,-3480.737723535
987,493.5,1.062459639,271.438364515,-3485.680640315,-3480.737796932
988,494.0,1.055518005,269.664908194,-3485.673916809,-3480.737725906
989,494.5,1.057539326,270.181317359,-3485.677114986,-3480.737659551
990,495.0,1.075526597,274.776725321,-3485.690340208,-3480.737544085
991,495.5,1.093436234,279.352299137,-3485.714324301,-3480.737457737
992,496.0,1.129921547,288.673607402,-3485.749913104,-3480.737562079
993,496.5,1.176596177,300.598093335,-3485.795131096,-3480.737957961
994,497.0,1.229493145,314.112269389,-3485.843141852,-3480.73870888
995,497.5,1.276476156,326.115540912,-3485.882926762,-3480.739970702
996,498.0,1.287581012,328.95262205,-3485.89816671,-3480.741287599
997,498.5,1.265676037,323.356314741,-3485.876492305,-3480.740206782
998,499.0,1.240539488,316.934401302,-3485.845411858,-3480.735349784
999,499.5,1.268691341,324.126667926,-3485.87063639,-3480.736792343
1000,500.0,1.325992169,338.765946914,-3485.935241846,-3480.740827377
